date,ticker,regime,vix,y_true,p_ML,p_LLM,p_LLM_RAG,pred_ML,pred_LLM,pred_LLM_RAG,p_HYBRID,pred_HYBRID,cal_ML,cal_LLM,cal_LLM_RAG,cal_HYBRID,split
2021-07-08,AAPL,CALM,19.0,1,0.681235,0.7,0.7,1,1,1,0.6030738733421998,1,0.5976030734885298,0.6086956521739131,0.6086956521739131,0.6030738733421998,tuning
2021-07-08,JPM,CALM,19.0,1,0.679194,0.35,0.4,1,0,0,0.44946404507741555,0,0.5953446693656297,0.26415094339622647,0.3076923076923077,0.44946404507741555,tuning
2021-07-08,MSFT,CALM,19.0,1,0.704273,0.68,0.7,1,1,1,0.6161630587414887,1,0.6233434663657771,0.5862068965517242,0.6086956521739131,0.6161630587414887,tuning
2021-07-08,NVDA,CALM,19.0,0,0.729673,0.65,0.65,1,1,1,0.6045858148695462,1,0.6522624026057188,0.5531914893617021,0.5531914893617021,0.6045858148695462,tuning
2021-07-08,TSLA,CALM,19.0,0,0.568408,0.6,0.6,0,1,1,0.4887488608817166,0,0.4778628305852843,0.5,0.5,0.4887488608817166,tuning
2021-07-29,AAPL,CALM,17.7,1,0.705271,0.6,0.6,1,1,1,0.564230325668864,1,0.624468951836473,0.5,0.5,0.564230325668864,tuning
2021-07-29,JPM,CALM,17.7,1,0.58134,0.58,0.55,0,0,0,0.4703127784305564,0,0.4910787648230547,0.4793388429752066,0.4489795918367348,0.4703127784305564,tuning
2021-07-29,MSFT,CALM,17.7,1,0.713069,0.6,0.6,1,1,1,0.5689470634719622,1,0.6332932363687469,0.5,0.5,0.5689470634719622,tuning
2021-07-29,NVDA,CALM,17.7,1,0.691572,0.6,0.6,1,1,1,0.5560891423855683,1,0.6090958990459296,0.5,0.5,0.5560891423855683,tuning
2021-07-29,TSLA,CALM,17.7,1,0.597919,0.65,0.65,1,1,1,0.5304022803972158,1,0.5082083512775487,0.5531914893617021,0.5531914893617021,0.5304022803972158,tuning
2021-08-19,AAPL,CALM,21.67,1,0.693622,0.6,0.55,1,1,0,0.5323142345458743,1,0.6113860438926068,0.5,0.4489795918367348,0.5323142345458743,tuning
2021-08-19,JPM,CALM,21.67,1,0.573204,0.4,0.4,0,0,0,0.3931608782069256,0,0.4827493870054859,0.3076923076923077,0.3076923076923077,0.3931608782069256,tuning
2021-08-19,MSFT,CALM,21.67,1,0.70117,0.75,0.7,1,1,1,0.6143768881577549,1,0.6198496558998545,0.6666666666666667,0.6086956521739131,0.6143768881577549,tuning
2021-08-19,NVDA,CALM,21.67,1,0.589315,0.6,0.55,0,1,0,0.47447296021221425,0,0.4992922432129224,0.5,0.4489795918367348,0.47447296021221425,tuning
2021-08-19,TSLA,CALM,21.67,1,0.585994,0.35,0.4,0,0,0,0.39954096911780473,0,0.49586602093762366,0.26415094339622647,0.3076923076923077,0.39954096911780473,tuning
2021-09-10,AAPL,CALM,20.95,0,0.676565,0.6,0.4,1,1,0,0.44795107507455106,0,0.592440855045606,0.5,0.3076923076923077,0.44795107507455106,tuning
2021-09-10,JPM,CALM,20.95,1,0.646839,0.4,0.4499999999999999,1,0,0,0.4561913350126377,0,0.5600113208428475,0.3076923076923077,0.35294117647058815,0.4561913350126377,tuning
2021-09-10,MSFT,CALM,20.95,1,0.703019,0.4,0.4499999999999999,1,0,0,0.4886615382875585,0,0.6219305161229991,0.3076923076923077,0.35294117647058815,0.4886615382875585,tuning
2021-09-10,NVDA,CALM,20.95,0,0.639907,0.65,0.6,1,1,1,0.5267707580928753,1,0.5525539600815254,0.5531914893617021,0.5,0.5267707580928753,tuning
2021-09-10,TSLA,CALM,20.95,1,0.620375,0.65,0.55,1,1,0,0.4909624754804361,0,0.5317509263953422,0.5531914893617021,0.4489795918367348,0.4909624754804361,tuning
2021-09-20,AAPL,SHOCK,25.71,1,0.664701,0.6,0.35,1,1,0,0.4171231497681512,0,0.5794093688874473,0.5,0.26415094339622647,0.4171231497681512,tuning
2021-09-20,JPM,SHOCK,25.71,1,0.643982,0.6,0.6,1,1,1,0.5293002581970588,1,0.5569330398602576,0.5,0.5,0.5293002581970588,tuning
2021-09-20,MSFT,SHOCK,25.71,0,0.687132,0.6,0.6,1,1,1,0.5540099403724764,1,0.6041482063759992,0.5,0.5,0.5540099403724764,tuning
2021-09-20,NVDA,SHOCK,25.71,1,0.624093,0.65,0.4,1,1,0,0.4202936635384781,0,0.5356872747550231,0.5531914893617021,0.3076923076923077,0.4202936635384781,tuning
2021-09-20,TSLA,SHOCK,25.71,1,0.616365,0.65,0.6,1,1,1,0.5141271270878084,1,0.5275177573815746,0.5531914893617021,0.5,0.5141271270878084,tuning
2021-10-04,AAPL,CALM,22.96,1,0.634468,0.6,0.3,1,1,0,0.3725890181909604,0,0.5467301347956527,0.5,0.2222222222222222,0.3725890181909604,tuning
2021-10-04,JPM,CALM,22.96,1,0.604621,0.65,0.6,1,1,1,0.5077199247054863,1,0.5151932311739125,0.5531914893617021,0.5,0.5077199247054863,tuning
2021-10-04,MSFT,CALM,22.96,1,0.648133,0.6,0.6,1,1,1,0.5313123839059162,1,0.561407744848343,0.5,0.5,0.5313123839059162,tuning
2021-10-04,NVDA,CALM,22.96,1,0.646876,0.65,0.6,1,1,1,0.5306156384436308,1,0.5600512304272858,0.5531914893617021,0.5,0.5306156384436308,tuning
2021-10-04,TSLA,CALM,22.96,1,0.625355,0.65,0.6,1,1,1,0.5188347340930541,1,0.5370258972876161,0.5531914893617021,0.5,0.5188347340930541,tuning
2021-10-25,AAPL,CALM,15.24,1,0.63722,0.65,0.65,1,1,1,0.5514051706904081,1,0.5496738483704201,0.5531914893617021,0.5531914893617021,0.5514051706904081,tuning
2021-10-25,JPM,CALM,15.24,0,0.687937,0.65,0.65,1,1,1,0.579751672831967,1,0.6050439951971308,0.5531914893617021,0.5531914893617021,0.579751672831967,tuning
2021-10-25,MSFT,CALM,15.24,1,0.636737,0.65,0.65,1,1,1,0.5511426868829016,1,0.5491567570983275,0.5531914893617021,0.5531914893617021,0.5511426868829016,tuning
2021-10-25,NVDA,CALM,15.24,1,0.620483,0.75,0.75,1,1,1,0.6000962580567313,1,0.5318651136140837,0.6666666666666667,0.6666666666666667,0.6000962580567313,tuning
2021-10-25,TSLA,CALM,15.24,1,0.722932,0.35,0.75,1,0,1,0.6555063922418377,1,0.6445314463860659,0.26415094339622647,0.6666666666666667,0.6555063922418377,tuning
2021-11-15,AAPL,CALM,16.49,1,0.64283,0.6,0.58,1,1,0,0.5182311226718133,1,0.555693703396188,0.5,0.4793388429752066,0.5182311226718133,tuning
2021-11-15,JPM,CALM,16.49,0,0.663039,0.4499999999999999,0.4499999999999999,1,0,0,0.4652399154750462,0,0.5775932620250276,0.35294117647058815,0.35294117647058815,0.4652399154750462,tuning
2021-11-15,MSFT,CALM,16.49,1,0.689822,0.65,0.65,1,1,1,0.5808398428035926,1,0.6071437679555062,0.5531914893617021,0.5531914893617021,0.5808398428035926,tuning
2021-11-15,NVDA,CALM,16.49,1,0.712606,0.68,0.65,1,1,1,0.5942314412628611,1,0.6327678033777768,0.5862068965517242,0.5531914893617021,0.5942314412628611,tuning
2021-11-15,TSLA,CALM,16.49,1,0.647982,0.6,0.6,1,1,1,0.5312286322513695,1,0.5612447219179926,0.5,0.5,0.5312286322513695,tuning
2021-12-01,AAPL,SHOCK,31.12,1,0.637787,0.75,0.35,1,1,0,0.4024163949590779,0,0.550281109988726,0.6666666666666667,0.26415094339622647,0.4024163949590779,tuning
2021-12-01,JPM,SHOCK,31.12,1,0.6031,0.35,0.25,1,0,0,0.3308016798015535,0,0.5136049617607105,0.26415094339622647,0.18181818181818185,0.3308016798015535,tuning
2021-12-01,MSFT,SHOCK,31.12,1,0.669087,0.6,0.35,1,1,0,0.4195877899821375,0,0.5842131666131205,0.5,0.26415094339622647,0.4195877899821375,tuning
2021-12-01,NVDA,SHOCK,31.12,1,0.681877,0.4,0.35,1,0,0,0.4268949912107499,0,0.5983141925429696,0.3076923076923077,0.26415094339622647,0.4268949912107499,tuning
2021-12-01,TSLA,SHOCK,31.12,0,0.581968,0.6,0.35,0,1,0,0.37380724690826334,0,0.49172378136802275,0.5,0.26415094339622647,0.37380724690826334,tuning
2021-12-06,AAPL,SHOCK,27.18,1,0.598666,0.75,0.65,1,1,1,0.5305743319735465,1,0.5089851503852479,0.6666666666666667,0.5531914893617021,0.5305743319735465,tuning
2021-12-06,JPM,SHOCK,27.18,0,0.516299,0.55,0.3,0,0,0,0.31791886640237144,0,0.42586399662113406,0.4489795918367348,0.2222222222222222,0.31791886640237144,tuning
2021-12-06,MSFT,SHOCK,27.18,1,0.59423,0.65,0.35,1,1,0,0.37990567044866397,0,0.5043785320676236,0.5531914893617021,0.26415094339622647,0.37990567044866397,tuning
2021-12-06,NVDA,SHOCK,27.18,0,0.61854,0.6,0.35,1,1,0,0.39229242001245695,0,0.5298122185388127,0.5,0.26415094339622647,0.39229242001245695,tuning
2021-12-06,TSLA,SHOCK,27.18,0,0.463905,0.6,0.6,0,1,1,0.43513996265606547,0,0.3755224857161078,0.5,0.5,0.43513996265606547,tuning
2021-12-14,AAPL,CALM,21.89,0,0.665249,0.65,0.65,1,1,1,0.5668634620451998,1,0.5800086880489015,0.5531914893617021,0.5531914893617021,0.5668634620451998,tuning
2021-12-14,JPM,CALM,21.89,0,0.567188,0.35,0.4,0,0,0,0.39018960421040016,0,0.4766225538123971,0.26415094339622647,0.3076923076923077,0.39018960421040016,tuning
2021-12-14,MSFT,CALM,21.89,0,0.62973,0.35,0.6,1,0,1,0.521208117807802,1,0.5416764047980002,0.26415094339622647,0.5,0.521208117807802,tuning
2021-12-14,NVDA,CALM,21.89,1,0.618814,0.6,0.6,1,1,1,0.5153053108287405,1,0.5301015341231091,0.5,0.5,0.5153053108287405,tuning
2021-12-14,TSLA,CALM,21.89,0,0.624484,0.6,0.35,1,1,0,0.3939904143233333,0,0.5361018782357058,0.5,0.26415094339622647,0.3939904143233333,tuning
2022-01-05,AAPL,CALM,19.73,1,0.701871,0.6,0.6,1,1,1,0.5621930038659534,1,0.6206382080510937,0.5,0.5,0.5621930038659534,tuning
2022-01-05,JPM,CALM,19.73,1,0.636391,0.65,0.65,1,1,1,0.5509547296569884,1,0.5487864518642376,0.5531914893617021,0.5531914893617021,0.5509547296569884,tuning
2022-01-05,MSFT,CALM,19.73,1,0.641456,0.6,0.35,1,1,0,0.402886478226087,0,0.5542169527779782,0.5,0.26415094339622647,0.402886478226087,tuning
2022-01-05,NVDA,CALM,19.73,1,0.673663,0.4,0.4,1,0,0,0.44628953895381385,0,0.5892423115161378,0.3076923076923077,0.3076923076923077,0.44628953895381385,tuning
2022-01-05,TSLA,CALM,19.73,1,0.611441,0.6,0.6,1,1,1,0.5113528726296848,1,0.5223371382901494,0.5,0.5,0.5113528726296848,tuning
2022-01-24,AAPL,SHOCK,29.9,1,0.597205,0.3,0.3,1,0,0,0.35554031215583776,0,0.5074662732736847,0.2222222222222222,0.2222222222222222,0.35554031215583776,tuning
2022-01-24,JPM,SHOCK,29.9,1,0.54612,0.65,0.65,0,1,1,0.5030510540808341,1,0.45537915112190736,0.5531914893617021,0.5531914893617021,0.5030510540808341,tuning
2022-01-24,MSFT,SHOCK,29.9,1,0.565994,0.65,0.3,0,1,0,0.3406058717626696,0,0.47540978971856734,0.5531914893617021,0.2222222222222222,0.3406058717626696,tuning
2022-01-24,NVDA,SHOCK,29.9,1,0.668352,0.65,0.25,1,1,0,0.36361227367609145,0,0.5834070262882868,0.5531914893617021,0.18181818181818185,0.36361227367609145,tuning
2022-01-24,TSLA,SHOCK,29.9,1,0.577643,0.35,0.3,0,0,0,0.34610900682089685,0,0.48728767160717457,0.26415094339622647,0.2222222222222222,0.34610900682089685,tuning
2022-01-27,AAPL,SHOCK,30.49,1,0.499651,0.6,0.3,0,1,0,0.3105549902544247,0,0.4096623500223433,0.5,0.2222222222222222,0.3105549902544247,tuning
2022-01-27,JPM,SHOCK,30.49,1,0.498766,0.35,0.35,0,0,0,0.3344380604608,0,0.40880651179520017,0.26415094339622647,0.26415094339622647,0.3344380604608,tuning
2022-01-27,MSFT,SHOCK,30.49,1,0.51156,0.35,0.35,0,0,0,0.34030788254820316,0,0.4212321999232004,0.26415094339622647,0.26415094339622647,0.34030788254820316,tuning
2022-01-27,NVDA,SHOCK,30.49,1,0.665325,0.6,0.25,1,1,0,0.3619964227288426,0,0.5800918251579242,0.5,0.18181818181818185,0.3619964227288426,tuning
2022-01-27,TSLA,SHOCK,30.49,1,0.599519,0.25,0.3,1,0,0,0.35667291222150754,0,0.5098727079272773,0.18181818181818185,0.2222222222222222,0.35667291222150754,tuning
2022-02-07,AAPL,CALM,22.86,0,0.557079,0.4,0.4,0,0,0,0.38523661248448615,0,0.46638833267058155,0.3076923076923077,0.3076923076923077,0.38523661248448615,tuning
2022-02-07,JPM,CALM,22.86,0,0.643912,0.65,0.6,1,1,1,0.5289766820727339,1,0.556857702020756,0.5531914893617021,0.5,0.5289766820727339,tuning
2022-02-07,MSFT,CALM,22.86,0,0.604875,0.6,0.4,1,1,0,0.4091317839722663,0,0.5154586409906001,0.5,0.3076923076923077,0.4091317839722663,tuning
2022-02-07,NVDA,CALM,22.86,0,0.70806,0.6,0.4,1,1,0,0.46660131548361383,0,0.6276188565454227,0.5,0.3076923076923077,0.46660131548361383,tuning
2022-02-07,TSLA,CALM,22.86,0,0.716021,0.6,0.4,1,1,0,0.4715136308558415,0,0.6366477631170728,0.5,0.3076923076923077,0.4715136308558415,tuning
2022-02-14,AAPL,SHOCK,28.33,0,0.544783,0.6,0.55,0,1,0,0.4515753909148653,0,0.4540420717964539,0.5,0.4489795918367348,0.4515753909148653,tuning
2022-02-14,JPM,SHOCK,28.33,0,0.589494,0.4499999999999999,0.4,0,0,0,0.40227474851833994,0,0.4994771550655573,0.35294117647058815,0.3076923076923077,0.40227474851833994,tuning
2022-02-14,MSFT,SHOCK,28.33,0,0.591992,0.35,0.4,1,0,0,0.4035499080964101,0,0.5020602288459177,0.26415094339622647,0.3076923076923077,0.4035499080964101,tuning
2022-02-14,NVDA,SHOCK,28.33,0,0.658176,0.6,0.4,1,1,0,0.43892358740583687,0,0.5722925825536842,0.5,0.3076923076923077,0.43892358740583687,tuning
2022-02-14,TSLA,SHOCK,28.33,0,0.706397,0.6,0.6,1,1,1,0.5655391141387281,1,0.6257398370533912,0.5,0.5,0.5655391141387281,tuning
2022-02-18,AAPL,SHOCK,27.75,0,0.531378,0.4,0.4,0,0,0,0.3735154202437541,0,0.44070823548469396,0.3076923076923077,0.3076923076923077,0.3735154202437541,tuning
2022-02-18,JPM,SHOCK,27.75,0,0.535511,0.55,0.6,0,0,1,0.4715999075508286,0,0.4448053943694027,0.4489795918367348,0.5,0.4715999075508286,tuning
2022-02-18,MSFT,SHOCK,27.75,1,0.576832,0.6,0.4,0,1,0,0.3958662551516475,0,0.48645741870172887,0.5,0.3076923076923077,0.3958662551516475,tuning
2022-02-18,NVDA,SHOCK,27.75,1,0.607591,0.4,0.4,1,0,0,0.41159998627165556,0,0.5182998018324229,0.3076923076923077,0.3076923076923077,0.41159998627165556,tuning
2022-02-18,TSLA,SHOCK,27.75,1,0.67055,0.35,0.35,1,0,0,0.4204144555363911,0,0.5858191224821596,0.26415094339622647,0.26415094339622647,0.4204144555363911,tuning
2022-02-23,AAPL,SHOCK,31.02,1,0.519878,0.6,0.6,0,1,1,0.4635888016163166,0,0.42937258456495353,0.5,0.5,0.4635888016163166,tuning
2022-02-23,JPM,SHOCK,31.02,0,0.504847,0.35,0.35,0,0,0,0.337221360832735,0,0.41469815510480557,0.26415094339622647,0.26415094339622647,0.337221360832735,tuning
2022-02-23,MSFT,SHOCK,31.02,1,0.564264,0.6,0.6,0,1,1,0.4864755275930492,0,0.47365449570429874,0.5,0.5,0.4864755275930492,tuning
2022-02-23,NVDA,SHOCK,31.02,1,0.605543,0.65,0.35,1,1,0,0.38561836076247086,0,0.5161568887431008,0.5531914893617021,0.26415094339622647,0.38561836076247086,tuning
2022-02-23,TSLA,SHOCK,31.02,1,0.669634,0.65,0.65,1,1,1,0.5694840303774357,1,0.5848134053959363,0.5531914893617021,0.5531914893617021,0.5694840303774357,tuning
2022-02-28,AAPL,SHOCK,30.15,0,0.508469,0.6,0.4,0,1,0,0.3625629983210837,0,0.4182196648429598,0.5,0.3076923076923077,0.3625629983210837,tuning
2022-02-28,JPM,SHOCK,30.15,0,0.47869,0.6,0.3,0,1,0,0.3014159218520603,0,0.3895374246927274,0.5,0.2222222222222222,0.3014159218520603,tuning
2022-02-28,MSFT,SHOCK,30.15,0,0.532571,0.65,0.6,0,1,1,0.47008981283406825,0,0.44188962329127934,0.5531914893617021,0.5,0.47008981283406825,tuning
2022-02-28,NVDA,SHOCK,30.15,0,0.586638,0.6,0.6,0,1,1,0.4982197481075268,0,0.49652976446411096,0.5,0.5,0.4982197481075268,tuning
2022-02-28,TSLA,SHOCK,30.15,0,0.654955,0.6,0.6,1,1,1,0.5354561881095079,1,0.5687925074786897,0.5,0.5,0.5354561881095079,tuning
2022-03-03,AAPL,SHOCK,30.48,0,0.522639,0.6,0.6,0,1,1,0.4650005263639492,0,0.43208549406000885,0.5,0.5,0.4650005263639492,tuning
2022-03-03,JPM,SHOCK,30.48,0,0.52943,0.65,0.3,0,1,0,0.32380291011666706,0,0.4387814011893206,0.5531914893617021,0.2222222222222222,0.32380291011666706,tuning
2022-03-03,MSFT,SHOCK,30.48,0,0.521602,0.6,0.4,0,1,0,0.3688200057193968,0,0.4310659189532421,0.5,0.3076923076923077,0.3688200057193968,tuning
2022-03-03,NVDA,SHOCK,30.48,0,0.593374,0.6,0.4,1,1,0,0.40425698200362764,0,0.5034913608376683,0.5,0.3076923076923077,0.40425698200362764,tuning
2022-03-03,TSLA,SHOCK,30.48,0,0.645371,0.6,0.35,1,1,0,0.406491754314936,0,0.558428786398725,0.5,0.26415094339622647,0.406491754314936,tuning
2022-03-08,AAPL,SHOCK,35.13,0,0.51654,0.6,0.35,0,1,0,0.342607590780407,0,0.42609996965933966,0.5,0.26415094339622647,0.342607590780407,tuning
2022-03-08,JPM,SHOCK,35.13,1,0.601582,0.25,0.25,1,0,0,0.33008236394246654,0,0.5120216250579908,0.18181818181818185,0.18181818181818185,0.33008236394246654,tuning
2022-03-08,MSFT,SHOCK,35.13,1,0.511788,0.6,0.35,0,1,0,0.3404129806286709,0,0.42145467879129306,0.5,0.26415094339622647,0.3404129806286709,tuning
2022-03-08,NVDA,SHOCK,35.13,1,0.613574,0.6,0.4,1,1,0,0.4147298179252862,0,0.5245789507092259,0.5,0.3076923076923077,0.4147298179252862,tuning
2022-03-08,TSLA,SHOCK,35.13,0,0.626425,0.6,0.6,1,1,1,0.5196051255598324,1,0.5381618607691881,0.5,0.5,0.5196051255598324,tuning
2022-03-11,AAPL,SHOCK,30.75,1,0.525928,0.35,0.6,0,0,1,0.46668388403165023,0,0.435324311953721,0.26415094339622647,0.5,0.46668388403165023,tuning
2022-03-11,JPM,SHOCK,30.75,1,0.647219,0.25,0.6,1,0,1,0.5311080865455274,1,0.5604212565061695,0.18181818181818185,0.5,0.5311080865455274,tuning
2022-03-11,MSFT,SHOCK,30.75,1,0.522404,0.4,0.4,0,0,0,0.3692039385082767,0,0.4318543755547745,0.3076923076923077,0.3076923076923077,0.3692039385082767,tuning
2022-03-11,NVDA,SHOCK,30.75,1,0.632276,0.65,0.6,1,1,1,0.5228162309009031,1,0.5443898145598591,0.5531914893617021,0.5,0.5228162309009031,tuning
2022-03-11,TSLA,SHOCK,30.75,1,0.621777,0.35,0.6,1,0,1,0.5170675660022469,1,0.5332339678448054,0.26415094339622647,0.5,0.5170675660022469,tuning
2022-03-16,AAPL,SHOCK,26.67,1,0.576392,0.6,0.6,0,1,1,0.4928203029147057,0,0.48600718182832264,0.5,0.5,0.4928203029147057,tuning
2022-03-16,JPM,SHOCK,26.67,1,0.680505,0.65,0.65,1,1,1,0.5757064481250055,1,0.5967949073076867,0.5531914893617021,0.5531914893617021,0.5757064481250055,tuning
2022-03-16,MSFT,SHOCK,26.67,1,0.544783,0.65,0.6,0,1,1,0.47637445514514143,0,0.4540420717964539,0.5531914893617021,0.5,0.47637445514514143,tuning
2022-03-16,NVDA,SHOCK,26.67,1,0.635634,0.65,0.65,1,1,1,0.5505176464438829,1,0.5479766136034149,0.5531914893617021,0.5531914893617021,0.5505176464438829,tuning
2022-03-16,TSLA,SHOCK,26.67,1,0.624356,0.6,0.6,1,1,1,0.5184741368930842,1,0.5359661378121567,0.5,0.5,0.5184741368930842,tuning
2022-04-01,AAPL,CALM,19.63,0,0.613181,0.65,0.65,1,1,1,0.5384790917308163,1,0.5241656325653775,0.5531914893617021,0.5531914893617021,0.5384790917308163,tuning
2022-04-01,JPM,CALM,19.63,0,0.638849,0.65,0.6,1,1,1,0.5261896460911976,1,0.5514192227578539,0.5531914893617021,0.5,0.5261896460911976,tuning
2022-04-01,MSFT,CALM,19.63,0,0.604921,0.65,0.65,1,1,1,0.5340965504326873,1,0.5155067127302951,0.5531914893617021,0.5531914893617021,0.5340965504326873,tuning
2022-04-01,NVDA,CALM,19.63,0,0.574362,0.6,0.65,0,1,1,0.518096275029913,1,0.4839318504959694,0.5,0.5531914893617021,0.518096275029913,tuning
2022-04-01,TSLA,CALM,19.63,0,0.589561,0.7,0.7,0,1,1,0.5539046758612811,1,0.49954637421560455,0.6086956521739131,0.6086956521739131,0.5539046758612811,tuning
2022-04-25,AAPL,SHOCK,27.02,0,0.597049,0.65,0.35,1,1,0,0.38132116142735495,0,0.5073041912027323,0.5531914893617021,0.26415094339622647,0.38132116142735495,tuning
2022-04-25,JPM,SHOCK,27.02,0,0.613315,0.6,0.6,1,1,1,0.51247650450857,1,0.5243065466813928,0.5,0.5,0.51247650450857,tuning
2022-04-25,MSFT,SHOCK,27.02,1,0.64154,0.65,0.6,1,1,1,0.5279407859880069,1,0.5543071902972839,0.5531914893617021,0.5,0.5279407859880069,tuning
2022-04-25,NVDA,SHOCK,27.02,0,0.699546,0.6,0.6,1,1,1,0.5613988076759804,1,0.6180244720692726,0.5,0.5,0.5613988076759804,tuning
2022-04-25,TSLA,SHOCK,27.02,0,0.583063,0.6,0.55,0,1,0,0.47142881330235814,0,0.49284917105017884,0.5,0.4489795918367348,0.47142881330235814,tuning
2022-04-28,AAPL,SHOCK,29.99,0,0.537598,0.6,0.4,0,1,0,0.37652123805376075,0,0.4468789922867187,0.5,0.3076923076923077,0.37652123805376075,tuning
2022-04-28,JPM,SHOCK,29.99,1,0.556287,0.6,0.6,0,1,1,0.48232695047541707,0,0.4655897337639743,0.5,0.5,0.48232695047541707,tuning
2022-04-28,MSFT,SHOCK,29.99,0,0.585436,0.65,0.6,0,1,1,0.49758431795887453,0,0.4952911707263845,0.5531914893617021,0.5,0.49758431795887453,tuning
2022-04-28,NVDA,SHOCK,29.99,0,0.703794,0.65,0.6,1,1,1,0.5639605617898873,1,0.6228035884194039,0.5531914893617021,0.5,0.5639605617898873,tuning
2022-04-28,TSLA,SHOCK,29.99,0,0.597,0.6,0.6,1,1,1,0.5037211273936867,1,0.5072532847017864,0.5,0.5,0.5037211273936867,tuning
2022-05-03,AAPL,SHOCK,29.25,0,0.509764,0.6,0.6,0,1,1,0.4584272087422952,0,0.41948097239721516,0.5,0.5,0.4584272087422952,tuning
2022-05-03,JPM,SHOCK,29.25,0,0.541248,0.6,0.6,0,1,1,0.4745518720180087,0,0.4505131559970844,0.5,0.5,0.4745518720180087,tuning
2022-05-03,MSFT,SHOCK,29.25,0,0.544755,0.65,0.65,0,1,1,0.5023449983375151,1,0.4540140841205333,0.5531914893617021,0.5531914893617021,0.5023449983375151,tuning
2022-05-03,NVDA,SHOCK,29.25,0,0.708863,0.65,0.6,1,1,1,0.5670409114162647,1,0.6285270351730453,0.5531914893617021,0.5,0.5670409114162647,tuning
2022-05-03,TSLA,SHOCK,29.25,0,0.629096,0.6,0.6,1,1,1,0.5210686394506643,1,0.541001527971818,0.5,0.5,0.5210686394506643,tuning
2022-05-06,AAPL,SHOCK,30.19,0,0.542272,0.4,0.55,0,0,0,0.4502899091072718,0,0.45153445521673186,0.3076923076923077,0.4489795918367348,0.4502899091072718,tuning
2022-05-06,JPM,SHOCK,30.19,0,0.568275,0.6,0.6,0,1,1,0.4885686674466708,0,0.47772756584080106,0.5,0.5,0.4885686674466708,tuning
2022-05-06,MSFT,SHOCK,30.19,0,0.561641,0.6,0.6,0,1,1,0.4851093559120926,0,0.4709974104969595,0.5,0.5,0.4851093559120926,tuning
2022-05-06,NVDA,SHOCK,30.19,0,0.724543,0.65,0.6,1,1,1,0.5767419681167919,1,0.6463753191866024,0.5531914893617021,0.5,0.5767419681167919,tuning
2022-05-06,TSLA,SHOCK,30.19,0,0.667461,0.65,0.6,1,1,1,0.5425729377636274,1,0.5824303955275586,0.5531914893617021,0.5,0.5425729377636274,tuning
2022-05-11,AAPL,SHOCK,32.56,0,0.54871,0.65,0.6,0,1,1,0.47840262225898655,0,0.45797303189815325,0.5531914893617021,0.5,0.47840262225898655,tuning
2022-05-11,JPM,SHOCK,32.56,1,0.545378,0.65,0.6,0,1,1,0.4766815135936218,0,0.4546369455128537,0.5531914893617021,0.5,0.4766815135936218,tuning
2022-05-11,MSFT,SHOCK,32.56,0,0.551021,0.3,0.3,0,0,0,0.33364410287983787,0,0.4602916545830535,0.2222222222222222,0.2222222222222222,0.33364410287983787,tuning
2022-05-11,NVDA,SHOCK,32.56,1,0.716505,0.25,0.6,1,0,1,0.5717352880199557,1,0.6371984978822377,0.18181818181818185,0.5,0.5717352880199557,tuning
2022-05-11,TSLA,SHOCK,32.56,0,0.685451,0.25,0.1999999999999999,1,0,0,0.3408055806887185,0,0.6022794151337489,0.18181818181818185,0.1428571428571428,0.3408055806887185,tuning
2022-05-16,AAPL,SHOCK,27.47,0,0.576242,0.65,0.6,0,1,1,0.4927415338617646,0,0.4858537255064219,0.5531914893617021,0.5,0.4927415338617646,tuning
2022-05-16,JPM,SHOCK,27.47,1,0.537191,0.6,0.6,0,1,1,0.4724636167665648,0,0.44647435802576096,0.5,0.5,0.4724636167665648,tuning
2022-05-16,MSFT,SHOCK,27.47,0,0.556524,0.6,0.6,0,1,1,0.48244994591522183,0,0.4658286596978747,0.5,0.5,0.48244994591522183,tuning
2022-05-16,NVDA,SHOCK,27.47,0,0.702358,0.6,0.6,1,1,1,0.5630926072941796,1,0.621186285144109,0.5,0.5,0.5630926072941796,tuning
2022-05-16,TSLA,SHOCK,27.47,0,0.688101,0.3,0.4,1,0,0,0.4561819906554814,0,0.605226559590813,0.2222222222222222,0.3076923076923077,0.4561819906554814,tuning
2022-05-18,AAPL,SHOCK,30.96,0,0.613941,0.35,0.6,1,0,1,0.5128149144096286,1,0.5249650347696061,0.26415094339622647,0.5,0.5128149144096286,tuning
2022-05-18,JPM,SHOCK,30.96,1,0.542781,0.4,0.6,0,0,1,0.47534190537930854,0,0.45204239728740697,0.3076923076923077,0.5,0.47534190537930854,tuning
2022-05-18,MSFT,SHOCK,30.96,1,0.58302,0.65,0.6,0,1,1,0.49630875694693527,0,0.49280496041285093,0.5531914893617021,0.5,0.49630875694693527,tuning
2022-05-18,NVDA,SHOCK,30.96,1,0.696949,0.6,0.6,1,1,1,0.5598412664263558,1,0.6151105250040481,0.5,0.5,0.5598412664263558,tuning
2022-05-18,TSLA,SHOCK,30.96,0,0.698426,0.35,0.6,1,0,1,0.5607263043454527,1,0.616767063697227,0.26415094339622647,0.5,0.5607263043454527,tuning
2022-05-23,AAPL,SHOCK,28.48,1,0.651428,0.6,0.6,1,1,1,0.5334688731683589,1,0.564969767080191,0.5,0.5,0.5334688731683589,tuning
2022-05-23,JPM,SHOCK,28.48,1,0.53764,0.65,0.65,0,1,1,0.4986700105631306,0,0.4469207549985321,0.5531914893617021,0.5531914893617021,0.4986700105631306,tuning
2022-05-23,MSFT,SHOCK,28.48,1,0.60752,0.6,0.4,1,1,0,0.4115629903653148,0,0.5182254563854011,0.5,0.3076923076923077,0.4115629903653148,tuning
2022-05-23,NVDA,SHOCK,28.48,1,0.678485,0.6,0.6,1,1,1,0.5489436413845057,1,0.5945609778044327,0.5,0.5,0.5489436413845057,tuning
2022-05-23,TSLA,SHOCK,28.48,1,0.707728,0.6,0.6,1,1,1,0.5663489226318448,1,0.6272435363119643,0.5,0.5,0.5663489226318448,tuning
2022-05-26,AAPL,SHOCK,27.5,1,0.678464,0.65,0.6,1,1,1,0.54893141361268,1,0.5945377720205128,0.5531914893617021,0.5,0.54893141361268,tuning
2022-05-26,JPM,SHOCK,27.5,1,0.518569,0.65,0.65,0,1,1,0.4888562129073229,0,0.428088281668831,0.5531914893617021,0.5531914893617021,0.4888562129073229,tuning
2022-05-26,MSFT,SHOCK,27.5,1,0.618426,0.6,0.6,1,1,1,0.5152451420416604,1,0.5296918639237316,0.5,0.5,0.5152451420416604,tuning
2022-05-26,NVDA,SHOCK,27.5,1,0.661435,0.65,0.65,1,1,1,0.5648452785975673,1,0.5758427210841598,0.5531914893617021,0.5531914893617021,0.5648452785975673,tuning
2022-05-26,TSLA,SHOCK,27.5,0,0.716224,0.65,0.3,1,1,0,0.42021998069971783,0,0.6368787277721716,0.5531914893617021,0.2222222222222222,0.42021998069971783,tuning
2022-06-01,AAPL,SHOCK,25.69,0,0.689884,0.6,0.6,1,1,1,0.5556358590486932,1,0.6072128840596412,0.5,0.5,0.5556358590486932,tuning
2022-06-01,JPM,SHOCK,25.69,0,0.539542,0.65,0.65,0,1,1,0.4996515819941237,0,0.44881335192221494,0.5531914893617021,0.5531914893617021,0.4996515819941237,tuning
2022-06-01,MSFT,SHOCK,25.69,0,0.624157,0.65,0.65,1,1,1,0.5442602380612809,1,0.5357551298776804,0.5531914893617021,0.5531914893617021,0.5442602380612809,tuning
2022-06-01,NVDA,SHOCK,25.69,1,0.656774,0.6,0.6,1,1,1,0.5364844259161019,1,0.5707680526468358,0.5,0.5,0.5364844259161019,tuning
2022-06-01,TSLA,SHOCK,25.69,0,0.72211,0.4,0.6,1,0,1,0.5752187821186618,1,0.6435915205462718,0.3076923076923077,0.5,0.5752187821186618,tuning
2022-06-03,AAPL,CALM,24.79,0,0.68134,0.6,0.55,1,1,0,0.5250775910786631,1,0.5977193539524664,0.5,0.4489795918367348,0.5250775910786631,tuning
2022-06-03,JPM,CALM,24.79,0,0.542108,0.65,0.65,0,1,1,0.5014876577244177,1,0.4513708363436329,0.5531914893617021,0.5531914893617021,0.5014876577244177,tuning
2022-06-03,MSFT,CALM,24.79,0,0.61731,0.55,0.6,1,0,1,0.5144968833269276,1,0.5285142003014509,0.4489795918367348,0.5,0.5144968833269276,tuning
2022-06-03,NVDA,CALM,24.79,0,0.646963,0.55,0.6,1,0,1,0.5306638293482766,1,0.5601450763056802,0.4489795918367348,0.5,0.5306638293482766,tuning
2022-06-03,TSLA,CALM,24.79,0,0.71959,0.65,0.6,1,1,1,0.5729407173581574,1,0.6407137604788807,0.5531914893617021,0.5,0.5729407173581574,tuning
2022-06-10,AAPL,SHOCK,27.75,0,0.626263,0.35,0.6,1,0,1,0.5195164870771108,1,0.5379898148785645,0.26415094339622647,0.5,0.5195164870771108,tuning
2022-06-10,JPM,SHOCK,27.75,0,0.52504,0.65,0.6,0,1,1,0.4662292090623581,0,0.4344490979485474,0.5531914893617021,0.5,0.4662292090623581,tuning
2022-06-10,MSFT,SHOCK,27.75,0,0.57226,0.6,0.35,0,1,0,0.36904292261132965,0,0.48178619331851036,0.5,0.26415094339622647,0.36904292261132965,tuning
2022-06-10,NVDA,SHOCK,27.75,0,0.603408,0.35,0.4,1,0,0,0.4094260471411531,0,0.5139264378299221,0.26415094339622647,0.3076923076923077,0.4094260471411531,tuning
2022-06-10,TSLA,SHOCK,27.75,0,0.695254,0.35,0.4,1,0,0,0.4604538797047122,0,0.613211821992905,0.26415094339622647,0.3076923076923077,0.4604538797047122,tuning
2022-06-15,AAPL,SHOCK,29.62,1,0.606747,0.65,0.35,1,1,0,0.3862314948370916,0,0.5174162891837388,0.5531914893617021,0.26415094339622647,0.3862314948370916,tuning
2022-06-15,JPM,SHOCK,29.62,0,0.538786,0.6,0.35,0,1,0,0.3529953151536233,0,0.4480607746743469,0.5,0.26415094339622647,0.3529953151536233,tuning
2022-06-15,MSFT,SHOCK,29.62,1,0.54294,0.65,0.35,0,1,0,0.35495767560482294,0,0.4522011055703487,0.5531914893617021,0.26415094339622647,0.35495767560482294,tuning
2022-06-15,NVDA,SHOCK,29.62,0,0.597175,0.6,0.35,1,1,0,0.38138455099601254,0,0.5074351021795472,0.5,0.26415094339622647,0.38138455099601254,tuning
2022-06-15,TSLA,SHOCK,29.62,1,0.64672,0.6,0.55,1,1,0,0.5059341239082681,1,0.5598829706007554,0.5,0.4489795918367348,0.5059341239082681,tuning
2022-06-21,AAPL,SHOCK,30.19,1,0.599666,0.6,0.55,1,1,0,0.4802204917591109,0,0.510025720443334,0.5,0.4489795918367348,0.4802204917591109,tuning
2022-06-21,JPM,SHOCK,30.19,0,0.562756,0.65,0.6,0,1,1,0.48568984623428,0,0.47212627228363546,0.5531914893617021,0.5,0.48568984623428,tuning
2022-06-21,MSFT,SHOCK,30.19,1,0.531792,0.65,0.6,0,1,1,0.4696899786588174,0,0.44111808946813363,0.5531914893617021,0.5,0.4696899786588174,tuning
2022-06-21,NVDA,SHOCK,30.19,0,0.617616,0.6,0.6,1,1,1,0.5148054917087986,1,0.5288370097457733,0.5,0.5,0.5148054917087986,tuning
2022-06-21,TSLA,SHOCK,30.19,0,0.617947,0.65,0.65,1,1,1,0.5409006505405392,1,0.5291862761361136,0.5531914893617021,0.5531914893617021,0.5409006505405392,tuning
2022-06-24,AAPL,SHOCK,27.23,0,0.626755,0.6,0.6,1,1,1,0.5197857296305167,1,0.5385123896626061,0.5,0.5,0.5197857296305167,tuning
2022-06-24,JPM,SHOCK,27.23,0,0.633828,0.65,0.6,1,1,1,0.5236712306764699,1,0.5460464285167965,0.5531914893617021,0.5,0.5236712306764699,tuning
2022-06-24,MSFT,SHOCK,27.23,0,0.573843,0.65,0.65,0,1,1,0.5174774967104272,1,0.4834017610467511,0.5531914893617021,0.5531914893617021,0.5174774967104272,tuning
2022-06-24,NVDA,SHOCK,27.23,0,0.656541,0.6,0.65,1,1,1,0.56209723775585,1,0.570514847295791,0.5,0.5531914893617021,0.56209723775585,tuning
2022-06-24,TSLA,SHOCK,27.23,0,0.612682,0.65,0.65,1,1,1,0.5380657347082929,1,0.5236410098582239,0.5531914893617021,0.5531914893617021,0.5380657347082929,tuning
2022-06-29,AAPL,SHOCK,28.16,1,0.642656,0.65,0.6,1,1,1,0.528561608736662,1,0.5555066061463068,0.5531914893617021,0.5,0.528561608736662,tuning
2022-06-29,JPM,SHOCK,28.16,1,0.683273,0.6,0.35,1,1,0,0.4277038479797308,0,0.5998617034301944,0.5,0.26415094339622647,0.4277038479797308,tuning
2022-06-29,MSFT,SHOCK,28.16,1,0.608141,0.65,0.6,1,1,1,0.5096867036375597,1,0.5188758512341942,0.5531914893617021,0.5,0.5096867036375597,tuning
2022-06-29,NVDA,SHOCK,28.16,1,0.692401,0.6,0.35,1,1,0,0.4330504932688569,0,0.6100215739025531,0.5,0.26415094339622647,0.4330504932688569,tuning
2022-06-29,TSLA,SHOCK,28.16,1,0.635823,0.6,0.35,1,1,0,0.40136926063324535,0,0.5481787622489795,0.5,0.26415094339622647,0.40136926063324535,tuning
2022-07-05,AAPL,SHOCK,27.54,1,0.623485,0.55,0.4,1,0,0,0.419969871149962,0,0.5350428142922357,0.4489795918367348,0.3076923076923077,0.419969871149962,holdout
2022-07-05,JPM,SHOCK,27.54,1,0.685724,0.6,0.4,1,1,0,0.45477573707854063,0,0.6025827481974397,0.5,0.3076923076923077,0.45477573707854063,holdout
2022-07-05,MSFT,SHOCK,27.54,0,0.591618,0.55,0.4,1,0,0,0.4033587552571216,0,0.5016731858177709,0.4489795918367348,0.3076923076923077,0.4033587552571216,holdout
2022-07-05,NVDA,SHOCK,27.54,1,0.708732,0.6,0.6,1,1,1,0.5669609754699426,1,0.6283788377630225,0.5,0.5,0.5669609754699426,holdout
2022-07-05,TSLA,SHOCK,27.54,1,0.636596,0.6,0.4,1,1,0,0.42701530296112783,0,0.5490058406514661,0.5,0.3076923076923077,0.42701530296112783,holdout
2022-07-11,AAPL,SHOCK,26.17,1,0.578328,0.65,0.65,0,1,1,0.5198295772163191,1,0.487989321939187,0.5531914893617021,0.5531914893617021,0.5198295772163191,holdout
2022-07-11,JPM,SHOCK,26.17,0,0.680436,0.4,0.4,1,0,0,0.4516703489186004,0,0.596718542496183,0.3076923076923077,0.3076923076923077,0.4516703489186004,holdout
2022-07-11,MSFT,SHOCK,26.17,0,0.564767,0.55,0.6,0,0,1,0.48673774715354545,0,0.47416461916009106,0.4489795918367348,0.5,0.48673774715354545,holdout
2022-07-11,NVDA,SHOCK,26.17,1,0.721877,0.6,0.6,1,1,1,0.5750732687574248,1,0.6433252038518101,0.5,0.5,0.5750732687574248,holdout
2022-07-11,TSLA,SHOCK,26.17,1,0.613066,0.6,0.6,1,1,1,0.5123419505151852,1,0.5240447101095695,0.5,0.5,0.5123419505151852,holdout
2022-07-14,AAPL,SHOCK,26.4,1,0.546231,0.65,0.65,0,1,1,0.503108484729792,1,0.4554902165525183,0.5531914893617021,0.5531914893617021,0.503108484729792,holdout
2022-07-14,JPM,SHOCK,26.4,1,0.65814,0.65,0.6,1,1,1,0.5372580996351737,1,0.5722534158666549,0.5531914893617021,0.5,0.5372580996351737,holdout
2022-07-14,MSFT,SHOCK,26.4,1,0.558918,0.6,0.35,0,1,0,0.3625799585595402,0,0.4682444495319075,0.5,0.26415094339622647,0.3625799585595402,holdout
2022-07-14,NVDA,SHOCK,26.4,1,0.714355,0.6,0.6,1,1,1,0.5704082719778526,1,0.6347536421030823,0.5,0.5,0.5704082719778526,holdout
2022-07-14,TSLA,SHOCK,26.4,1,0.590712,0.55,0.55,1,0,0,0.47546359134245836,0,0.5007360362348158,0.4489795918367348,0.4489795918367348,0.47546359134245836,holdout
2022-08-02,AAPL,CALM,23.93,1,0.612632,0.65,0.7,1,1,1,0.5659507513062577,1,0.523588453281188,0.5531914893617021,0.6086956521739131,0.5659507513062577,holdout
2022-08-02,JPM,CALM,23.93,1,0.598544,0.6,0.4,1,1,0,0.40589156497869616,0,0.5088582540016415,0.5,0.3076923076923077,0.40589156497869616,holdout
2022-08-02,MSFT,CALM,23.93,1,0.617965,0.6,0.65,1,1,1,0.5410303272330736,1,0.5292052719667195,0.5,0.5531914893617021,0.5410303272330736,holdout
2022-08-02,NVDA,CALM,23.93,0,0.549484,0.7,0.7,0,1,1,0.5332929210634838,1,0.45874914741178896,0.6086956521739131,0.6086956521739131,0.5332929210634838,holdout
2022-08-02,TSLA,CALM,23.93,0,0.570962,0.7,0.75,0,1,1,0.5747624328181937,1,0.48046289896508987,0.6086956521739131,0.6666666666666667,0.5747624328181937,holdout
2022-08-23,AAPL,CALM,24.11,0,0.695783,0.35,0.65,1,0,1,0.5842999996957621,1,0.6138041289609288,0.26415094339622647,0.5531914893617021,0.5842999996957621,holdout
2022-08-23,JPM,CALM,24.11,0,0.587255,0.35,0.4,0,0,0,0.4001748882354209,0,0.49716597827642334,0.26415094339622647,0.3076923076923077,0.4001748882354209,holdout
2022-08-23,MSFT,CALM,24.11,0,0.618996,0.65,0.4,1,1,0,0.41645447968301214,0,0.5302937402075035,0.5531914893617021,0.3076923076923077,0.41645447968301214,holdout
2022-08-23,NVDA,CALM,24.11,0,0.590601,0.6,0.6,1,1,1,0.5003156019018187,1,0.5006212633490474,0.5,0.5,0.5003156019018187,holdout
2022-08-23,TSLA,CALM,24.11,0,0.634402,0.6,0.6,1,1,1,0.5237543546792883,1,0.5466596122752464,0.5,0.5,0.5237543546792883,holdout
2022-08-26,AAPL,SHOCK,25.56,0,0.685298,0.65,0.4,1,1,0,0.45452439821870744,0,0.6021094432194865,0.5531914893617021,0.3076923076923077,0.45452439821870744,holdout
2022-08-26,JPM,SHOCK,25.56,0,0.573503,0.4,0.55,0,0,0,0.46642058450321,0,0.4830546065893288,0.3076923076923077,0.4489795918367348,0.46642058450321,holdout
2022-08-26,MSFT,SHOCK,25.56,0,0.624495,0.65,0.3,1,1,0,0.3691508721057045,0,0.5361135440394698,0.5531914893617021,0.2222222222222222,0.3691508721057045,holdout
2022-08-26,NVDA,SHOCK,25.56,0,0.616811,0.6,0.6,1,1,1,0.5143688838840201,1,0.5279879480728412,0.5,0.5,0.5143688838840201,holdout
2022-08-26,TSLA,SHOCK,25.56,0,0.611171,0.6,0.4,1,1,0,0.4134698184886582,0,0.5220536202875558,0.5,0.3076923076923077,0.4134698184886582,holdout
2022-08-31,AAPL,SHOCK,25.87,0,0.665763,0.6,0.3,1,1,0,0.39095254456389417,0,0.5805710517292038,0.5,0.2222222222222222,0.39095254456389417,holdout
2022-08-31,JPM,SHOCK,25.87,1,0.543179,0.55,0.4,0,0,0,0.37923119259350835,0,0.45243970179822035,0.4489795918367348,0.3076923076923077,0.37923119259350835,holdout
2022-08-31,MSFT,SHOCK,25.87,0,0.63108,0.65,0.6,1,1,1,0.5221582913004089,1,0.5431145225832777,0.5531914893617021,0.5,0.5221582913004089,holdout
2022-08-31,NVDA,SHOCK,25.87,0,0.640682,0.25,0.25,1,0,0,0.34920876618634267,0,0.5533857490196917,0.18181818181818185,0.18181818181818185,0.34920876618634267,holdout
2022-08-31,TSLA,SHOCK,25.87,1,0.568852,0.65,0.6,0,1,1,0.48887018753534534,0,0.4783144872678519,0.5531914893617021,0.5,0.48887018753534534,holdout
2022-09-06,AAPL,SHOCK,26.91,0,0.606396,0.6,0.35,1,1,0,0.38605264371447057,0,0.5170490211557599,0.5,0.26415094339622647,0.38605264371447057,holdout
2022-09-06,JPM,SHOCK,26.91,1,0.591717,0.6,0.4,1,1,0,0.40340934639888515,0,0.5017756278949096,0.5,0.3076923076923077,0.40340934639888515,holdout
2022-09-06,MSFT,SHOCK,26.91,0,0.569671,0.3,0.3,0,0,0,0.3423343673902983,0,0.47914799929315127,0.2222222222222222,0.2222222222222222,0.3423343673902983,holdout
2022-09-06,NVDA,SHOCK,26.91,0,0.625678,0.65,0.15,1,1,0,0.2758006513510253,0,0.5373687130423868,0.5531914893617021,0.10526315789473684,0.2758006513510253,holdout
2022-09-06,TSLA,SHOCK,26.91,1,0.532957,0.6,0.6,0,1,1,0.47028797782990883,0,0.4422720860099063,0.5,0.5,0.47028797782990883,holdout
2022-09-15,AAPL,SHOCK,26.27,1,0.648549,0.6,0.3,1,1,0,0.38165924688006425,0,0.5618569644778387,0.5,0.2222222222222222,0.38165924688006425,holdout
2022-09-15,JPM,SHOCK,26.27,0,0.661585,0.55,0.6,1,0,1,0.5392151120251263,1,0.576006334055828,0.4489795918367348,0.5,0.5392151120251263,holdout
2022-09-15,MSFT,SHOCK,26.27,0,0.598695,0.65,0.3,1,1,0,0.35626917002315717,0,0.5090153159798264,0.5531914893617021,0.2222222222222222,0.35626917002315717,holdout
2022-09-15,NVDA,SHOCK,26.27,0,0.585536,0.25,0.3,0,0,0,0.349884488465777,0,0.4953941729519422,0.18181818181818185,0.2222222222222222,0.349884488465777,holdout
2022-09-15,TSLA,SHOCK,26.27,0,0.647358,0.65,0.65,1,1,1,0.556980437696496,1,0.5605712362429014,0.5531914893617021,0.5531914893617021,0.556980437696496,holdout
2022-09-20,AAPL,SHOCK,27.16,0,0.643643,0.6,0.6,1,1,1,0.5291113135012738,1,0.5565682267249212,0.5,0.5,0.5291113135012738,holdout
2022-09-20,JPM,SHOCK,27.16,0,0.665998,0.4499999999999999,0.4,1,0,0,0.44334544813328025,0,0.5808282372624747,0.35294117647058815,0.3076923076923077,0.44334544813328025,holdout
2022-09-20,MSFT,SHOCK,27.16,0,0.59259,0.65,0.6,1,1,1,0.501374494573695,1,0.5026793077579098,0.5531914893617021,0.5,0.501374494573695,holdout
2022-09-20,NVDA,SHOCK,27.16,0,0.548998,0.6,0.3,0,1,0,0.3327125091465671,0,0.4582617676325658,0.5,0.2222222222222222,0.3327125091465671,holdout
2022-09-20,TSLA,SHOCK,27.16,0,0.63388,0.65,0.35,1,1,0,0.4003365763197342,0,0.5461019672974413,0.5531914893617021,0.26415094339622647,0.4003365763197342,holdout
2022-09-23,AAPL,SHOCK,29.92,0,0.647924,0.35,0.3,1,0,0,0.38132747120469607,0,0.5611821088151755,0.26415094339622647,0.2222222222222222,0.38132747120469607,holdout
2022-09-23,JPM,SHOCK,29.92,0,0.677953,0.3,0.3,1,0,0,0.39772756667988496,0,0.593973213493918,0.2222222222222222,0.2222222222222222,0.39772756667988496,holdout
2022-09-23,MSFT,SHOCK,29.92,0,0.589923,0.3,0.25,0,0,0,0.3246136958749633,0,0.4999204239415547,0.2222222222222222,0.18181818181818185,0.3246136958749633,holdout
2022-09-23,NVDA,SHOCK,29.92,0,0.53931,0.65,0.6,0,1,1,0.473553877872935,0,0.448582358098872,0.5531914893617021,0.5,0.473553877872935,holdout
2022-09-23,TSLA,SHOCK,29.92,0,0.578947,0.65,0.3,0,1,0,0.346730073743423,0,0.4886236743590651,0.5531914893617021,0.2222222222222222,0.346730073743423,holdout
2022-09-28,AAPL,SHOCK,30.18,0,0.656629,0.6,0.6,1,1,1,0.5364023771352869,1,0.5706104732110887,0.5,0.5,0.5364023771352869,holdout
2022-09-28,JPM,SHOCK,30.18,1,0.673079,0.65,0.35,1,1,0,0.4218489418475091,0,0.5885994964058331,0.5531914893617021,0.26415094339622647,0.4218489418475091,holdout
2022-09-28,MSFT,SHOCK,30.18,1,0.576713,0.6,0.3,0,1,0,0.3456667031021355,0,0.4863356356215573,0.5,0.2222222222222222,0.3456667031021355,holdout
2022-09-28,NVDA,SHOCK,30.18,1,0.555658,0.6,0.3,0,1,0,0.3357873428183803,0,0.4649558240518276,0.5,0.2222222222222222,0.3357873428183803,holdout
2022-09-28,TSLA,SHOCK,30.18,0,0.522792,0.55,0.35,0,0,0,0.34550739896992533,0,0.4322359881510984,0.4489795918367348,0.26415094339622647,0.34550739896992533,holdout
2022-10-03,AAPL,SHOCK,30.1,0,0.66104,0.65,0.25,1,1,0,0.35972666579310336,0,0.5754119633266866,0.5531914893617021,0.18181818181818185,0.35972666579310336,holdout
2022-10-03,JPM,SHOCK,30.1,0,0.655614,0.6,0.35,1,1,0,0.4120799021850528,0,0.5695079051338179,0.5,0.26415094339622647,0.4120799021850528,holdout
2022-10-03,MSFT,SHOCK,30.1,0,0.559755,0.65,0.35,0,1,0,0.3629826719505221,0,0.4690900718066912,0.5531914893617021,0.26415094339622647,0.3629826719505221,holdout
2022-10-03,NVDA,SHOCK,30.1,0,0.591397,0.6,0.35,1,1,0,0.3784883365490976,0,0.5014445292296819,0.5,0.26415094339622647,0.3784883365490976,holdout
2022-10-03,TSLA,SHOCK,30.1,0,0.564844,0.65,0.25,0,1,0,0.31316014633317574,0,0.4742427263244826,0.5531914893617021,0.18181818181818185,0.31316014633317574,holdout
2022-10-06,AAPL,SHOCK,30.52,0,0.653346,0.65,0.3,1,1,0,0.3842184921444924,0,0.56704731767122,0.5531914893617021,0.2222222222222222,0.3842184921444924,holdout
2022-10-06,JPM,SHOCK,30.52,1,0.632737,0.6,0.35,1,1,0,0.39973057854640465,0,0.5448816857139821,0.5,0.26415094339622647,0.39973057854640465,holdout
2022-10-06,MSFT,SHOCK,30.52,0,0.55274,0.6,0.35,0,1,0,0.35961828065950335,0,0.46201887517155726,0.5,0.26415094339622647,0.35961828065950335,holdout
2022-10-06,NVDA,SHOCK,30.52,0,0.591025,0.6,0.3,1,1,0,0.3525335906803438,0,0.5010597261667585,0.5,0.2222222222222222,0.3525335906803438,holdout
2022-10-06,TSLA,SHOCK,30.52,0,0.619237,0.25,0.25,1,0,0,0.3385589987999245,0,0.5305482953535038,0.18181818181818185,0.18181818181818185,0.3385589987999245,holdout
2022-10-11,AAPL,SHOCK,33.63,1,0.673554,0.3,0.25,1,0,0,0.3664139378209334,0,0.5891223121549463,0.2222222222222222,0.18181818181818185,0.3664139378209334,holdout
2022-10-11,JPM,SHOCK,33.63,1,0.640141,0.6,0.3,1,1,0,0.377227219081995,0,0.5528050551649117,0.5,0.2222222222222222,0.377227219081995,holdout
2022-10-11,MSFT,SHOCK,33.63,1,0.589339,0.6,0.6,0,1,1,0.4996496385041663,0,0.49931703443415254,0.5,0.5,0.4996496385041663,holdout
2022-10-11,NVDA,SHOCK,33.63,1,0.639803,0.65,0.25,1,1,0,0.3487639807574488,0,0.5524423765655582,0.5531914893617021,0.18181818181818185,0.3487639807574488,holdout
2022-10-11,TSLA,SHOCK,33.63,1,0.664345,0.65,0.25,1,1,0,0.3614755121880571,0,0.5790201648364146,0.5531914893617021,0.18181818181818185,0.3614755121880571,holdout
2022-10-14,AAPL,SHOCK,32.02,1,0.681639,0.35,0.6,1,0,1,0.5507842688073489,1,0.5980505279442988,0.26415094339622647,0.5,0.5507842688073489,holdout
2022-10-14,JPM,SHOCK,32.02,1,0.630325,0.6,0.6,1,1,1,0.5217433700796466,1,0.5423100611384319,0.5,0.5,0.5217433700796466,holdout
2022-10-14,MSFT,SHOCK,32.02,1,0.626544,0.65,0.6,1,1,1,0.5196702456417048,1,0.5382882535527276,0.5531914893617021,0.5,0.5196702456417048,holdout
2022-10-14,NVDA,SHOCK,32.02,1,0.669532,0.3,0.25,1,0,0,0.3642450193177367,0,0.5847014587752722,0.2222222222222222,0.18181818181818185,0.3642450193177367,holdout
2022-10-14,TSLA,SHOCK,32.02,1,0.668674,0.25,0.65,1,0,1,0.5689385556545633,1,0.5837601366224775,0.18181818181818185,0.5531914893617021,0.5689385556545633,holdout
2022-10-19,AAPL,SHOCK,30.76,1,0.681099,0.6,0.6,1,1,1,0.5504685464230792,1,0.5974524765802334,0.5,0.5,0.5504685464230792,holdout
2022-10-19,JPM,SHOCK,30.76,1,0.604594,0.65,0.65,1,1,1,0.5337333671759683,1,0.5151650212850645,0.5531914893617021,0.5531914893617021,0.5337333671759683,holdout
2022-10-19,MSFT,SHOCK,30.76,0,0.655369,0.6,0.6,1,1,1,0.5356900126243429,1,0.5692418958837632,0.5,0.5,0.5356900126243429,holdout
2022-10-19,NVDA,SHOCK,30.76,1,0.659685,0.65,0.6,1,1,1,0.5381347312788817,1,0.5739352883470941,0.5531914893617021,0.5,0.5381347312788817,holdout
2022-10-19,TSLA,SHOCK,30.76,1,0.606728,0.65,0.6,1,1,1,0.5089270113225286,1,0.517396406107162,0.5531914893617021,0.5,0.5089270113225286,holdout
2022-10-21,AAPL,SHOCK,29.69,1,0.677508,0.6,0.65,1,1,1,0.5739824609908011,1,0.5934817532608155,0.5,0.5531914893617021,0.5739824609908011,holdout
2022-10-21,JPM,SHOCK,29.69,1,0.587865,0.7,0.75,0,1,1,0.5824985121577944,1,0.49779526101940935,0.6086956521739131,0.6666666666666667,0.5824985121577944,holdout
2022-10-21,MSFT,SHOCK,29.69,0,0.667832,0.6,0.6,1,1,1,0.5427858048782885,1,0.5828369699634458,0.5,0.5,0.5427858048782885,holdout
2022-10-21,NVDA,SHOCK,29.69,1,0.644732,0.65,0.6,1,1,1,0.5297185337997298,1,0.5577404823784133,0.5531914893617021,0.5,0.5297185337997298,holdout
2022-10-21,TSLA,SHOCK,29.69,1,0.588636,0.65,0.65,0,1,1,0.5252583303264358,1,0.4985910416028642,0.5531914893617021,0.5531914893617021,0.5252583303264358,holdout
2022-10-26,AAPL,SHOCK,27.28,0,0.64284,0.65,0.65,1,1,1,0.5544809894900949,1,0.5557044568625699,0.5531914893617021,0.5531914893617021,0.5544809894900949,holdout
2022-10-26,JPM,SHOCK,27.28,1,0.547588,0.7,0.7,0,1,1,0.5315593280725784,1,0.4568487465340219,0.6086956521739131,0.6086956521739131,0.5315593280725784,holdout
2022-10-26,MSFT,SHOCK,27.28,0,0.6538,0.65,0.35,1,1,0,0.4110829768876023,0,0.5675395286206694,0.5531914893617021,0.26415094339622647,0.4110829768876023,holdout
2022-10-26,NVDA,SHOCK,27.28,1,0.606223,0.65,0.65,1,1,1,0.5346038289198243,1,0.5168680385158988,0.5531914893617021,0.5531914893617021,0.5346038289198243,holdout
2022-10-26,TSLA,SHOCK,27.28,0,0.554216,0.6,0.6,0,1,1,0.4812528193863923,0,0.4635036734576651,0.5,0.5,0.4812528193863923,holdout
2022-10-31,AAPL,SHOCK,25.88,0,0.607274,0.68,0.65,1,1,1,0.5351659914695428,1,0.5179678956954189,0.5862068965517242,0.5531914893617021,0.5351659914695428,holdout
2022-10-31,JPM,SHOCK,25.88,1,0.511814,0.65,0.7,0,1,1,0.5131732389001138,1,0.4214800515183095,0.5531914893617021,0.6086956521739131,0.5131732389001138,holdout
2022-10-31,MSFT,SHOCK,25.88,0,0.656398,0.6,0.6,1,1,1,0.5362716950018841,1,0.5703594688768231,0.5,0.5,0.5362716950018841,holdout
2022-10-31,NVDA,SHOCK,25.88,1,0.56239,0.65,0.65,0,1,1,0.511495812136963,1,0.47175561992578097,0.5531914893617021,0.5531914893617021,0.511495812136963,holdout
2022-10-31,TSLA,SHOCK,25.88,0,0.543843,0.6,0.4,0,1,0,0.37955445316804276,0,0.45310279896541467,0.5,0.3076923076923077,0.37955445316804276,holdout
2022-11-03,AAPL,SHOCK,25.3,1,0.613538,0.6,0.6,1,1,1,0.5125970343296498,1,0.5245410844319235,0.5,0.5,0.5125970343296498,holdout
2022-11-03,JPM,SHOCK,25.3,1,0.494456,0.65,0.7,0,1,1,0.5042702855703235,1,0.40464631070723805,0.5531914893617021,0.6086956521739131,0.5042702855703235,holdout
2022-11-03,MSFT,SHOCK,25.3,1,0.693275,0.65,0.6,1,1,1,0.5576486234781151,1,0.6109981395518803,0.5531914893617021,0.5,0.5576486234781151,holdout
2022-11-03,NVDA,SHOCK,25.3,1,0.543012,0.6,0.6,0,1,1,0.4754609981366357,0,0.45227297954259105,0.5,0.5,0.4754609981366357,holdout
2022-11-03,TSLA,SHOCK,25.3,0,0.594787,0.6,0.6,1,1,1,0.5025425505294786,1,0.5049561192428831,0.5,0.5,0.5025425505294786,holdout
2022-11-18,AAPL,CALM,23.12,0,0.618367,0.65,0.65,1,1,1,0.5412451598606572,1,0.5296295791837264,0.5531914893617021,0.5531914893617021,0.5412451598606572,holdout
2022-11-18,JPM,CALM,23.12,1,0.536634,0.65,0.6,0,1,1,0.4724478158712027,0,0.4459207904048489,0.5531914893617021,0.5,0.4724478158712027,holdout
2022-11-18,MSFT,CALM,23.12,1,0.616495,0.6,0.6,1,1,1,0.5140592793228363,1,0.5276547922065153,0.5,0.5,0.5140592793228363,holdout
2022-11-18,NVDA,CALM,23.12,1,0.503312,0.35,0.65,0,0,1,0.4817366608537314,0,0.4132085167787256,0.26415094339622647,0.5531914893617021,0.4817366608537314,holdout
2022-11-18,TSLA,CALM,23.12,1,0.701396,0.65,0.6,1,1,1,0.5619092797607111,1,0.620103835542662,0.5531914893617021,0.5,0.5619092797607111,holdout
2022-12-12,AAPL,CALM,25.0,0,0.674017,0.6,0.6,1,1,1,0.5459008796959698,1,0.5896321035124963,0.5,0.5,0.5459008796959698,holdout
2022-12-12,JPM,CALM,25.0,0,0.754514,0.65,0.65,1,1,1,0.6202439214173864,1,0.6811080305428059,0.5531914893617021,0.5531914893617021,0.6202439214173864,holdout
2022-12-12,MSFT,CALM,25.0,0,0.557477,0.65,0.65,0,1,1,0.5093728717259822,1,0.466789824344179,0.5531914893617021,0.5531914893617021,0.5093728717259822,holdout
2022-12-12,NVDA,CALM,25.0,0,0.4624,0.65,0.7,0,1,1,0.48898667934104156,0,0.37410412654311237,0.5531914893617021,0.6086956521739131,0.48898667934104156,holdout
2022-12-12,TSLA,CALM,25.0,0,0.676396,0.65,0.6,1,1,1,0.5472666233212937,1,0.5922543899319148,0.5531914893617021,0.5,0.5472666233212937,holdout
2023-01-04,AAPL,CALM,22.01,1,0.686878,0.6,0.6,1,1,1,0.5533392678496089,1,0.6038656754937731,0.5,0.5,0.5533392678496089,holdout
2023-01-04,JPM,CALM,22.01,1,0.759373,0.65,0.7,1,1,1,0.6493774397949617,1,0.6868168928629115,0.5531914893617021,0.6086956521739131,0.6493774397949617,holdout
2023-01-04,MSFT,CALM,22.01,1,0.723078,0.65,0.6,1,1,1,0.5750961776175258,1,0.6446984551087499,0.5531914893617021,0.5,0.5750961776175258,holdout
2023-01-04,NVDA,CALM,22.01,1,0.649616,0.6,0.6,1,1,1,0.5321357070591916,1,0.563009819791239,0.5,0.5,0.5321357070591916,holdout
2023-01-04,TSLA,CALM,22.01,1,0.690461,0.65,0.65,1,1,1,0.5812093697804313,1,0.6078562685984721,0.5531914893617021,0.5531914893617021,0.5812093697804313,holdout
2023-01-26,AAPL,CALM,18.73,1,0.563098,0.75,0.7,0,1,1,0.5402600623893639,1,0.47247270989768464,0.6666666666666667,0.6086956521739131,0.5402600623893639,holdout
2023-01-26,JPM,CALM,18.73,0,0.691584,0.65,0.7,1,1,1,0.6089058018834157,1,0.6091092942077384,0.5531914893617021,0.6086956521739131,0.6089058018834157,holdout
2023-01-26,MSFT,CALM,18.73,1,0.647731,0.65,0.7,1,1,1,0.5846520168835588,1,0.560973778201917,0.5531914893617021,0.6086956521739131,0.5846520168835588,holdout
2023-01-26,NVDA,CALM,18.73,1,0.505835,0.7,0.75,0,1,1,0.5418993242372387,1,0.4156578308394614,0.6086956521739131,0.6666666666666667,0.5418993242372387,holdout
2023-01-26,TSLA,CALM,18.73,1,0.495894,0.6,0.7,0,1,1,0.5060356375481253,1,0.406032898410885,0.5,0.6086956521739131,0.5060356375481253,holdout
2023-02-16,AAPL,CALM,20.17,0,0.478642,0.65,0.6,0,1,1,0.4431666069953102,0,0.38949168517171695,0.5531914893617021,0.5,0.4431666069953102,holdout
2023-02-16,JPM,CALM,20.17,0,0.490254,0.6,0.55,0,1,0,0.4242233735418677,0,0.4006027412461734,0.5,0.4489795918367348,0.4242233735418677,holdout
2023-02-16,MSFT,CALM,20.17,0,0.477716,0.35,0.4,0,0,0,0.34769577176025507,0,0.3886096005183378,0.26415094339622647,0.3076923076923077,0.34769577176025507,holdout
2023-02-16,NVDA,CALM,20.17,1,0.462188,0.65,0.6,0,1,1,0.4349027564290487,0,0.37390445293719404,0.5531914893617021,0.5,0.4349027564290487,holdout
2023-02-16,TSLA,CALM,20.17,0,0.482427,0.65,0.6,0,1,1,0.4450682575799359,0,0.3931032587164473,0.5531914893617021,0.5,0.4450682575799359,holdout
2023-03-09,AAPL,CALM,22.61,1,0.676069,0.6,0.55,1,1,0,0.5220145479387102,1,0.5918936652701628,0.5,0.4489795918367348,0.5220145479387102,holdout
2023-03-09,JPM,CALM,22.61,1,0.7005,0.65,0.65,1,1,1,0.5870592082848581,1,0.6190963764523292,0.5531914893617021,0.5531914893617021,0.5870592082848581,holdout
2023-03-09,MSFT,CALM,22.61,1,0.635083,0.6,0.55,1,1,0,0.4989555784647094,0,0.5473874458029016,0.5,0.4489795918367348,0.4989555784647094,holdout
2023-03-09,NVDA,CALM,22.61,1,0.457153,0.65,0.55,0,1,0,0.4078326335023531,0,0.36917102645068034,0.5531914893617021,0.4489795918367348,0.4078326335023531,holdout
2023-03-09,TSLA,CALM,22.61,1,0.434183,0.6,0.6,0,1,1,0.4208182872529621,0,0.3477894939945538,0.5,0.5,0.4208182872529621,holdout
2023-03-13,AAPL,SHOCK,26.52,1,0.714809,0.4,0.4,1,0,0,0.47246189508356257,0,0.6352695630444886,0.3076923076923077,0.3076923076923077,0.47246189508356257,holdout
2023-03-13,JPM,SHOCK,26.52,0,0.70981,0.65,0.6,1,1,1,0.5676192967662059,1,0.6295988051078869,0.5531914893617021,0.5,0.5676192967662059,holdout
2023-03-13,MSFT,SHOCK,26.52,1,0.668148,0.55,0.55,1,0,0,0.518131760791708,1,0.5831833617267465,0.4489795918367348,0.4489795918367348,0.518131760791708,holdout
2023-03-13,NVDA,SHOCK,26.52,1,0.448417,0.6,0.4,0,1,0,0.3345085147857014,0,0.3609982458935464,0.5,0.3076923076923077,0.3345085147857014,holdout
2023-03-13,TSLA,SHOCK,26.52,1,0.49708,0.6,0.25,0,1,0,0.28390120347711384,0,0.4071775749332302,0.5,0.18181818181818185,0.28390120347711384,holdout
2023-04-04,AAPL,CALM,19.0,0,0.658561,0.65,0.7,1,1,1,0.5905371731914499,1,0.5727115158386407,0.5531914893617021,0.6086956521739131,0.5905371731914499,holdout
2023-04-04,JPM,CALM,19.0,1,0.602154,0.4,0.4,1,0,0,0.40773604794372614,0,0.5126180337428273,0.3076923076923077,0.3076923076923077,0.40773604794372614,holdout
2023-04-04,MSFT,CALM,19.0,0,0.544318,0.7,0.7,0,1,1,0.5306561062412467,1,0.4535773507713342,0.6086956521739131,0.6086956521739131,0.5306561062412467,holdout
2023-04-04,NVDA,CALM,19.0,0,0.533134,0.65,0.7,0,1,1,0.524957842645844,1,0.44244749996700655,0.5531914893617021,0.6086956521739131,0.524957842645844,holdout
2023-04-04,TSLA,CALM,19.0,0,0.486624,0.65,0.65,0,1,1,0.47327487605176294,0,0.3971194070918661,0.5531914893617021,0.5531914893617021,0.47327487605176294,holdout
2023-04-26,AAPL,CALM,18.84,1,0.71841,0.55,0.6,1,0,1,0.5722146071753534,1,0.6393681859799578,0.4489795918367348,0.5,0.5722146071753534,holdout
2023-04-26,JPM,CALM,18.84,1,0.614741,0.4,0.65,1,0,1,0.539309938136797,1,0.5258070037085064,0.3076923076923077,0.5531914893617021,0.539309938136797,holdout
2023-04-26,MSFT,CALM,18.84,1,0.68523,0.7,0.7,1,1,1,0.6053163769152562,1,0.6020339065860997,0.6086956521739131,0.6086956521739131,0.6053163769152562,holdout
2023-04-26,NVDA,CALM,18.84,1,0.739622,0.6,0.6,1,1,1,0.5855162189283182,1,0.6637475013572848,0.5,0.5,0.5855162189283182,holdout
2023-04-26,TSLA,CALM,18.84,1,0.650373,0.25,0.65,1,0,1,0.5586017027075348,1,0.5638282990105614,0.18181818181818185,0.5531914893617021,0.5586017027075348,holdout
2023-05-17,AAPL,CALM,16.87,0,0.734771,0.65,0.6,1,1,1,0.5824258995870019,1,0.6581362936901334,0.5531914893617021,0.5,0.5824258995870019,holdout
2023-05-17,JPM,CALM,16.87,0,0.600575,0.65,0.65,1,1,1,0.5318014372808426,1,0.5109722730918361,0.5531914893617021,0.5531914893617021,0.5318014372808426,holdout
2023-05-17,MSFT,CALM,16.87,0,0.65882,0.65,0.65,1,1,1,0.5632760305291413,1,0.5729934129861667,0.5531914893617021,0.5531914893617021,0.5632760305291413,holdout
2023-05-17,NVDA,CALM,16.87,1,0.724348,0.75,0.7,1,1,1,0.6279150583801169,1,0.6461520078353873,0.6666666666666667,0.6086956521739131,0.6279150583801169,holdout
2023-05-17,TSLA,CALM,16.87,1,0.549955,0.65,0.65,0,1,1,0.5055078762525886,1,0.45922165031493367,0.5531914893617021,0.5531914893617021,0.5055078762525886,holdout
2023-06-08,AAPL,CALM,13.65,1,0.670245,0.65,0.65,1,1,1,0.569670045202459,1,0.5854841709670636,0.5531914893617021,0.5531914893617021,0.569670045202459,holdout
2023-06-08,JPM,CALM,13.65,1,0.605686,0.65,0.65,1,1,1,0.5345012943298164,1,0.5163064093024748,0.5531914893617021,0.5531914893617021,0.5345012943298164,holdout
2023-06-08,MSFT,CALM,13.65,1,0.627841,0.65,0.65,1,1,1,0.5463293873755078,1,0.53966656479142,0.5531914893617021,0.5531914893617021,0.5463293873755078,holdout
2023-06-08,NVDA,CALM,13.65,1,0.548898,0.65,0.65,0,1,1,0.5049656807078299,1,0.4581615052623548,0.5531914893617021,0.5531914893617021,0.5049656807078299,holdout
2023-06-08,TSLA,CALM,13.65,1,0.493108,0.75,0.8,0,1,1,0.5704452893708996,1,0.40334780569234063,0.6666666666666667,0.7272727272727274,0.5704452893708996,holdout
2023-06-30,AAPL,CALM,13.59,0,0.677223,0.7,0.65,1,1,1,0.5736189321155022,1,0.5931670861854136,0.6086956521739131,0.5531914893617021,0.5736189321155022,holdout
2023-06-30,JPM,CALM,13.59,1,0.629946,0.75,0.7,1,1,1,0.5751111604771053,1,0.5419064050980749,0.6666666666666667,0.6086956521739131,0.5751111604771053,holdout
2023-06-30,MSFT,CALM,13.59,0,0.638912,0.65,0.55,1,1,0,0.5010586020475697,1,0.551486766705157,0.5531914893617021,0.4489795918367348,0.5010586020475697,holdout
2023-06-30,NVDA,CALM,13.59,0,0.435777,0.65,0.55,0,1,0,0.39726375323569696,0,0.3492621023991432,0.5531914893617021,0.4489795918367348,0.39726375323569696,holdout
2023-06-30,TSLA,CALM,13.59,1,0.454014,0.6,0.6,0,1,1,0.4307963554288921,0,0.36622858049898255,0.5,0.5,0.4307963554288921,holdout
2023-07-24,AAPL,CALM,13.91,1,0.702698,0.55,0.55,1,0,0,0.5377573694770367,1,0.6215690491228795,0.4489795918367348,0.4489795918367348,0.5377573694770367,holdout
2023-07-24,JPM,CALM,13.91,0,0.729195,0.75,0.7,1,1,1,0.6308075405546709,1,0.6517128582791876,0.6666666666666667,0.6086956521739131,0.6308075405546709,holdout
2023-07-24,MSFT,CALM,13.91,0,0.732394,0.58,0.55,1,0,0,0.556212012394117,1,0.65539459799426,0.4793388429752066,0.4489795918367348,0.556212012394117,holdout
2023-07-24,NVDA,CALM,13.91,1,0.721613,0.6,0.55,1,1,0,0.5493896474760376,1,0.6430235131338038,0.5,0.4489795918367348,0.5493896474760376,holdout
2023-07-24,TSLA,CALM,13.91,0,0.494866,0.6,0.6,0,1,1,0.45132289853034163,0,0.4050415060867902,0.5,0.5,0.45132289853034163,holdout
2023-08-14,AAPL,CALM,14.82,0,0.659861,0.6,0.6,1,1,1,0.5378634759534271,1,0.574127006244278,0.5,0.5,0.5378634759534271,holdout
2023-08-14,JPM,CALM,14.82,0,0.657007,0.6,0.6,1,1,1,0.5362606751246468,1,0.5710213030203964,0.5,0.5,0.5362606751246468,holdout
2023-08-14,MSFT,CALM,14.82,0,0.682145,0.6,0.6,1,1,1,0.5505858962927374,1,0.5986111500535409,0.5,0.5,0.5505858962927374,holdout
2023-08-14,NVDA,CALM,14.82,1,0.673432,0.6,0.6,1,1,1,0.5455657258554042,1,0.5889880128564597,0.5,0.5,0.5455657258554042,holdout
2023-08-14,TSLA,CALM,14.82,0,0.63645,0.25,0.6,1,0,1,0.5248744512282569,1,0.5488495895372487,0.18181818181818185,0.5,0.5248744512282569,holdout
2023-09-05,AAPL,CALM,14.01,0,0.659653,0.65,0.6,1,1,1,0.5377464710852498,1,0.573900433316925,0.5531914893617021,0.5,0.5377464710852498,holdout
2023-09-05,JPM,CALM,14.01,1,0.673054,0.35,0.6,1,0,1,0.5453493074434166,1,0.5885719850695196,0.26415094339622647,0.5,0.5453493074434166,holdout
2023-09-05,MSFT,CALM,14.01,0,0.719958,0.65,0.65,1,1,1,0.5986551558921258,1,0.6411336512371778,0.5531914893617021,0.5531914893617021,0.5986551558921258,holdout
2023-09-05,NVDA,CALM,14.01,0,0.595488,0.65,0.65,1,1,1,0.5291238860806818,1,0.5056833696980623,0.5531914893617021,0.5531914893617021,0.5291238860806818,holdout
2023-09-05,TSLA,CALM,14.01,1,0.513056,0.65,0.65,0,1,1,0.48668311761487115,0,0.4226926430531728,0.5531914893617021,0.5531914893617021,0.48668311761487115,holdout
2023-09-26,AAPL,CALM,18.94,1,0.698549,0.6,0.6,1,1,1,0.560213281738865,1,0.6169051007021522,0.5,0.5,0.560213281738865,holdout
2023-09-26,JPM,CALM,18.94,0,0.744342,0.35,0.35,1,0,0,0.4635469781553937,0,0.6692278057878536,0.26415094339622647,0.26415094339622647,0.4635469781553937,holdout
2023-09-26,MSFT,CALM,18.94,1,0.680146,0.65,0.6,1,1,1,0.5494286685039561,1,0.5963976332972692,0.5531914893617021,0.5,0.5494286685039561,holdout
2023-09-26,NVDA,CALM,18.94,1,0.58132,0.6,0.6,0,1,1,0.4954572203957594,0,0.4910582278314101,0.5,0.5,0.4954572203957594,holdout
2023-09-26,TSLA,CALM,18.94,1,0.437875,0.4,0.4,0,0,0,0.3294296515883417,0,0.35120284829781934,0.3076923076923077,0.3076923076923077,0.3294296515883417,holdout
2023-10-17,AAPL,CALM,17.88,0,0.637613,0.4499999999999999,0.55,1,0,0,0.5003440737482338,1,0.5500947268316544,0.35294117647058815,0.4489795918367348,0.5003440737482338,holdout
2023-10-17,JPM,CALM,17.88,0,0.696314,0.68,0.6,1,1,1,0.5588872538944184,1,0.6143989194072235,0.5862068965517242,0.5,0.5588872538944184,holdout
2023-10-17,MSFT,CALM,17.88,0,0.606994,0.65,0.65,1,1,1,0.5351938576818358,1,0.517674794922872,0.5531914893617021,0.5531914893617021,0.5351938576818358,holdout
2023-10-17,NVDA,CALM,17.88,0,0.490646,0.6,0.6,0,1,1,0.4491998976803563,0,0.4009794457751191,0.5,0.5,0.4491998976803563,holdout
2023-10-17,TSLA,CALM,17.88,0,0.486512,0.6,0.55,0,1,0,0.4223661667857088,0,0.39701207640086195,0.5,0.4489795918367348,0.4223661667857088,holdout
2023-11-07,AAPL,CALM,14.81,1,0.64992,0.65,0.65,1,1,1,0.5583522299489899,1,0.5633384522754489,0.5531914893617021,0.5531914893617021,0.5583522299489899,holdout
2023-11-07,JPM,CALM,14.81,1,0.660805,0.6,0.6,1,1,1,0.5383948821139874,1,0.5751557514184646,0.5,0.5,0.5383948821139874,holdout
2023-11-07,MSFT,CALM,14.81,1,0.640383,0.7,0.7,1,1,1,0.5806925318510782,1,0.5530647815628496,0.6086956521739131,0.6086956521739131,0.5806925318510782,holdout
2023-11-07,NVDA,CALM,14.81,1,0.618542,0.75,0.65,1,1,1,0.541338703789986,1,0.5298143301153941,0.6666666666666667,0.5531914893617021,0.541338703789986,holdout
2023-11-07,TSLA,CALM,14.81,1,0.529833,0.65,0.6,0,1,1,0.46898943786588543,0,0.43917979833251547,0.5531914893617021,0.5,0.46898943786588543,holdout
2023-11-28,AAPL,CALM,12.69,1,0.599704,0.6,0.55,1,1,0,0.47993492058484916,0,0.5100652774315736,0.5,0.4489795918367348,0.47993492058484916,holdout
2023-11-28,JPM,CALM,12.69,1,0.601545,0.65,0.65,1,1,1,0.5323130734653119,1,0.5119830549534908,0.5531914893617021,0.5531914893617021,0.5323130734653119,holdout
2023-11-28,MSFT,CALM,12.69,0,0.608386,0.65,0.65,1,1,1,0.5359316415546032,1,0.519132531480538,0.5531914893617021,0.5531914893617021,0.5359316415546032,holdout
2023-11-28,NVDA,CALM,12.69,0,0.557788,0.35,0.4,0,0,0,0.3855824297466301,0,0.4671036345398029,0.26415094339622647,0.3076923076923077,0.3855824297466301,holdout
2023-11-28,TSLA,CALM,12.69,0,0.533427,0.65,0.65,0,1,1,0.49705232813439315,0,0.4427379242133649,0.5531914893617021,0.5531914893617021,0.49705232813439315,holdout
2023-12-19,AAPL,CALM,12.53,0,0.643183,0.6,0.6,1,1,1,0.5285744207846542,1,0.5560733501795532,0.5,0.5,0.5285744207846542,holdout
2023-12-19,JPM,CALM,12.53,1,0.639655,0.75,0.75,1,1,1,0.6100823699725606,1,0.5522835998071862,0.6666666666666667,0.6666666666666667,0.6100823699725606,holdout
2023-12-19,MSFT,CALM,12.53,1,0.638706,0.55,0.55,1,0,0,0.5009452155714871,1,0.5512659206860864,0.4489795918367348,0.4489795918367348,0.5009452155714871,holdout
2023-12-19,NVDA,CALM,12.53,0,0.615552,0.65,0.65,1,1,1,0.5397422808467466,1,0.5266610662289599,0.5531914893617021,0.5531914893617021,0.5397422808467466,holdout
2023-12-19,TSLA,CALM,12.53,1,0.607491,0.7,0.6,1,1,1,0.5092461353914686,1,0.5181950910724071,0.6086956521739131,0.5,0.5092461353914686,holdout
2024-01-11,AAPL,CALM,12.44,1,0.640523,0.65,0.6,1,1,1,0.5271094095713782,1,0.5532150582678714,0.5531914893617021,0.5,0.5271094095713782,holdout
2024-01-11,JPM,CALM,12.44,1,0.620935,0.65,0.55,1,1,0,0.4912644497675763,0,0.5323431089992571,0.5531914893617021,0.4489795918367348,0.4912644497675763,holdout
2024-01-11,MSFT,CALM,12.44,1,0.647457,0.65,0.65,1,1,1,0.5569979038084977,1,0.5606780660085945,0.5531914893617021,0.5531914893617021,0.5569979038084977,holdout
2024-01-11,NVDA,CALM,12.44,1,0.638202,0.6,0.65,1,1,1,0.5519392098105012,1,0.5507257437243073,0.5,0.5531914893617021,0.5519392098105012,holdout
2024-01-11,TSLA,CALM,12.44,0,0.582886,0.35,0.6,0,0,1,0.4962747377989205,0,0.49266719677796994,0.26415094339622647,0.5,0.4962747377989205,holdout
2024-02-02,AAPL,CALM,13.85,1,0.636542,0.6,0.4,1,1,0,0.4257541231852148,0,0.5489480471304636,0.5,0.3076923076923077,0.4257541231852148,holdout
2024-02-02,JPM,CALM,13.85,1,0.646485,0.6,0.6,1,1,1,0.530399115798694,1,0.5596295399367485,0.5,0.5,0.530399115798694,holdout
2024-02-02,MSFT,CALM,13.85,1,0.629797,0.7,0.65,1,1,1,0.5473843348512959,1,0.5417477434692691,0.6086956521739131,0.5531914893617021,0.5473843348512959,holdout
2024-02-02,NVDA,CALM,13.85,1,0.615603,0.75,0.75,1,1,1,0.5975734510405544,1,0.5267147916200344,0.6666666666666667,0.6666666666666667,0.5975734510405544,holdout
2024-02-02,TSLA,CALM,13.85,1,0.531941,0.65,0.65,0,1,1,0.4962942338105932,0,0.4412656275474172,0.5531914893617021,0.5531914893617021,0.4962942338105932,holdout
2024-02-26,AAPL,CALM,13.74,0,0.646747,0.35,0.4,1,0,0,0.4312756124848494,0,0.5599120910659561,0.26415094339622647,0.3076923076923077,0.4312756124848494,holdout
2024-02-26,JPM,CALM,13.74,1,0.627701,0.65,0.65,1,1,1,0.5462539508586793,1,0.5395177229875646,0.5531914893617021,0.5531914893617021,0.5462539508586793,holdout
2024-02-26,MSFT,CALM,13.74,1,0.62717,0.4,0.55,1,0,0,0.4946389655359306,0,0.5389533302005788,0.3076923076923077,0.4489795918367348,0.4946389655359306,holdout
2024-02-26,NVDA,CALM,13.74,1,0.596342,0.65,0.65,1,1,1,0.5295727407898859,1,0.5065698633592733,0.5531914893617021,0.5531914893617021,0.5295727407898859,holdout
2024-02-26,TSLA,CALM,13.74,0,0.639392,0.6,0.55,1,1,0,0.50132291234205,1,0.552001493168887,0.5,0.4489795918367348,0.50132291234205,holdout
2024-03-18,AAPL,CALM,14.33,0,0.650885,0.65,0.55,1,1,0,0.5076983884237392,1,0.5643821481526443,0.5531914893617021,0.4489795918367348,0.5076983884237392,holdout
2024-03-18,JPM,CALM,14.33,1,0.625838,0.75,0.7,1,1,1,0.572927127327705,1,0.5375385598248461,0.6666666666666667,0.6086956521739131,0.572927127327705,holdout
2024-03-18,MSFT,CALM,14.33,1,0.646315,0.65,0.6,1,1,1,0.5303050058110744,1,0.5594462353321442,0.5531914893617021,0.5,0.5303050058110744,holdout
2024-03-18,NVDA,CALM,14.33,1,0.582972,0.65,0.65,0,1,1,0.522573850682581,1,0.4927556106702723,0.5531914893617021,0.5531914893617021,0.522573850682581,holdout
2024-03-18,TSLA,CALM,14.33,0,0.600253,0.65,0.6,1,1,1,0.5054041486677862,1,0.5106368971043447,0.5531914893617021,0.5,0.5054041486677862,holdout
2024-04-09,AAPL,CALM,14.98,0,0.676297,0.6,0.55,1,1,0,0.5221465336439934,1,0.5921451701417745,0.5,0.4489795918367348,0.5221465336439934,holdout
2024-04-09,JPM,CALM,14.98,0,0.622946,0.6,0.55,1,1,0,0.4923503521694332,0,0.5344717384478767,0.5,0.4489795918367348,0.4923503521694332,holdout
2024-04-09,MSFT,CALM,14.98,0,0.628057,0.55,0.55,1,0,0,0.49512090857881713,0,0.5398962372848761,0.4489795918367348,0.4489795918367348,0.49512090857881713,holdout
2024-04-09,NVDA,CALM,14.98,1,0.517123,0.4,0.4,0,0,0,0.3660814722980695,0,0.4266709793848022,0.3076923076923077,0.3076923076923077,0.3660814722980695,holdout
2024-04-09,TSLA,CALM,14.98,0,0.610108,0.65,0.55,1,1,0,0.48545709649334773,0,0.5209379571717773,0.5531914893617021,0.4489795918367348,0.48545709649334773,holdout
2024-04-30,AAPL,CALM,15.65,1,0.672759,0.58,0.55,1,0,0,0.5201035043355825,1,0.5882473911789674,0.4793388429752066,0.4489795918367348,0.5201035043355825,holdout
2024-04-30,JPM,CALM,15.65,1,0.63973,0.6,0.55,1,1,0,0.5015091224311716,1,0.5523640587757866,0.5,0.4489795918367348,0.5015091224311716,holdout
2024-04-30,MSFT,CALM,15.65,1,0.634163,0.3,0.6,1,0,1,0.5236237985674923,1,0.5464042647329732,0.2222222222222222,0.5,0.5236237985674923,holdout
2024-04-30,NVDA,CALM,15.65,1,0.563627,0.6,0.55,0,1,0,0.46116377154236116,0,0.4730087458909287,0.5,0.4489795918367348,0.46116377154236116,holdout
2024-04-30,TSLA,CALM,15.65,0,0.64982,0.65,0.35,1,1,0,0.40736224827433604,0,0.5632303410929145,0.5531914893617021,0.26415094339622647,0.40736224827433604,holdout
2024-05-21,AAPL,CALM,11.86,0,0.61487,0.7,0.7,1,1,1,0.567128478279339,1,0.5259428185646685,0.6086956521739131,0.6086956521739131,0.567128478279339,holdout
2024-05-21,JPM,CALM,11.86,0,0.622086,0.65,0.6,1,1,1,0.5170680474847092,1,0.5335610399232241,0.5531914893617021,0.5,0.5170680474847092,holdout
2024-05-21,MSFT,CALM,11.86,1,0.625182,0.65,0.65,1,1,1,0.5448982302077838,1,0.5368423182289952,0.5531914893617021,0.5531914893617021,0.5448982302077838,holdout
2024-05-21,NVDA,CALM,11.86,1,0.558462,0.75,0.65,0,1,1,0.5098798815314689,1,0.46778397114764414,0.6666666666666667,0.5531914893617021,0.5098798815314689,holdout
2024-05-21,TSLA,CALM,11.86,0,0.488348,0.65,0.65,0,1,1,0.4741487951920988,0,0.3987726205132806,0.5531914893617021,0.5531914893617021,0.4741487951920988,holdout
2024-06-12,AAPL,CALM,12.04,0,0.629232,0.75,0.75,1,1,1,0.6046377626921131,1,0.54114626928186,0.6666666666666667,0.6666666666666667,0.6046377626921131,holdout
2024-06-12,JPM,CALM,12.04,1,0.638326,0.6,0.6,1,1,1,0.5259026329600103,1,0.5508586252717631,0.5,0.5,0.5259026329600103,holdout
2024-06-12,MSFT,CALM,12.04,1,0.640533,0.7,0.65,1,1,1,0.5532089156370793,1,0.5532257929287566,0.6086956521739131,0.5531914893617021,0.5532089156370793,holdout
2024-06-12,NVDA,CALM,12.04,1,0.61722,0.7,0.65,1,1,1,0.5406323797722283,1,0.5284192704787886,0.6086956521739131,0.5531914893617021,0.5406323797722283,holdout
2024-06-12,TSLA,CALM,12.04,1,0.594094,0.65,0.55,1,1,0,0.4769792972616045,0,0.5042375418133798,0.5531914893617021,0.4489795918367348,0.4769792972616045,holdout
2024-07-05,AAPL,CALM,12.48,1,0.609674,0.65,0.65,1,1,1,0.5366149959035234,1,0.5204827115253805,0.5531914893617021,0.5531914893617021,0.5366149959035234,holdout
2024-07-05,JPM,CALM,12.48,1,0.644661,0.65,0.65,1,1,1,0.5554646598712496,1,0.5576640247757084,0.5531914893617021,0.5531914893617021,0.5554646598712496,holdout
2024-07-05,MSFT,CALM,12.48,0,0.629139,0.7,0.7,1,1,1,0.5746815664020136,1,0.5410472901614998,0.6086956521739131,0.6086956521739131,0.5746815664020136,holdout
2024-07-05,NVDA,CALM,12.48,1,0.534819,0.6,0.55,0,1,0,0.4465088972027916,0,0.44411853477443203,0.5,0.4489795918367348,0.4465088972027916,holdout
2024-07-05,TSLA,CALM,12.48,0,0.655124,0.25,0.3,1,0,0,0.38336236719002253,0,0.56897593633319,0.18181818181818185,0.2222222222222222,0.38336236719002253,holdout
2024-07-26,AAPL,CALM,16.39,1,0.534239,0.6,0.55,0,1,0,0.44621625223791683,0,0.44354311011702696,0.5,0.4489795918367348,0.44621625223791683,holdout
2024-07-26,JPM,CALM,16.39,0,0.600605,0.65,0.55,1,1,0,0.48041101150689575,0,0.5110035234101648,0.5531914893617021,0.4489795918367348,0.48041101150689575,holdout
2024-07-26,MSFT,CALM,16.39,0,0.615906,0.65,0.6,1,1,1,0.5137432286021905,1,0.5270340260984271,0.5531914893617021,0.5,0.5137432286021905,holdout
2024-07-26,NVDA,CALM,16.39,0,0.477898,0.65,0.6,0,1,1,0.4427928643872174,0,0.3887829231397951,0.5531914893617021,0.5,0.4427928643872174,holdout
2024-07-26,TSLA,CALM,16.39,0,0.478097,0.4,0.55,0,0,0,0.4181947198527664,0,0.3889724610270052,0.3076923076923077,0.4489795918367348,0.4181947198527664,holdout
2024-08-05,AAPL,SHOCK,38.57,1,0.529796,0.35,0.25,0,0,0,0.2977602977886118,0,0.4391432160556136,0.26415094339622647,0.18181818181818185,0.2977602977886118,holdout
2024-08-05,JPM,SHOCK,38.57,1,0.577023,0.35,0.3,0,0,0,0.34581407917479695,0,0.48665290809857137,0.26415094339622647,0.2222222222222222,0.34581407917479695,holdout
2024-08-05,MSFT,SHOCK,38.57,1,0.592059,0.25,0.15,1,0,0,0.26156653740789054,0,0.5021295768163697,0.18181818181818185,0.10526315789473684,0.26156653740789054,holdout
2024-08-05,NVDA,SHOCK,38.57,1,0.47594,0.65,0.6,0,1,1,0.44124186867653203,0,0.3869194584189584,0.5531914893617021,0.5,0.44124186867653203,holdout
2024-08-05,TSLA,SHOCK,38.57,0,0.447868,0.3,0.3,0,0,0,0.2881933191309481,0,0.3604863256732017,0.2222222222222222,0.2222222222222222,0.2881933191309481,holdout
2024-08-20,AAPL,CALM,15.88,1,0.593363,0.65,0.65,1,1,1,0.5280081145066148,1,0.5034799639548997,0.5531914893617021,0.5531914893617021,0.5280081145066148,holdout
2024-08-20,JPM,CALM,15.88,1,0.605561,0.65,0.65,1,1,1,0.5344351441238108,1,0.516175708632421,0.5531914893617021,0.5531914893617021,0.5344351441238108,holdout
2024-08-20,MSFT,CALM,15.88,0,0.635878,0.6,0.6,1,1,1,0.5245613661467021,1,0.5482375940074774,0.5,0.5,0.5245613661467021,holdout
2024-08-20,NVDA,CALM,15.88,1,0.559867,0.68,0.65,0,1,1,0.5106034537266989,1,0.46920326507325055,0.5862068965517242,0.5531914893617021,0.5106034537266989,holdout
2024-08-20,TSLA,CALM,15.88,0,0.491956,0.6,0.6,0,1,1,0.44985879672621054,0,0.4022390999248736,0.5,0.5,0.44985879672621054,holdout
2024-09-11,AAPL,CALM,17.69,0,0.566304,0.58,0.55,0,0,0,0.4625389902711135,0,0.47572455881311626,0.4793388429752066,0.4489795918367348,0.4625389902711135,holdout
2024-09-11,JPM,CALM,17.69,1,0.56652,0.6,0.6,0,1,1,0.48777250961670526,0,0.4759439243450765,0.5,0.5,0.48777250961670526,holdout
2024-09-11,MSFT,CALM,17.69,1,0.627758,0.65,0.65,1,1,1,0.5462846631603755,1,0.5395783209668289,0.5531914893617021,0.5531914893617021,0.5462846631603755,holdout
2024-09-11,NVDA,CALM,17.69,0,0.45706,0.65,0.65,0,1,1,0.458275882049164,0,0.36908375567133034,0.5531914893617021,0.5531914893617021,0.458275882049164,holdout
2024-09-11,TSLA,CALM,17.69,0,0.541299,0.65,0.6,0,1,1,0.4748255016809406,0,0.45056400339950264,0.5531914893617021,0.5,0.4748255016809406,holdout
2024-10-02,AAPL,CALM,18.9,1,0.630635,0.55,0.6,1,0,1,0.5217003820591981,1,0.5426403142843531,0.4489795918367348,0.5,0.5217003820591981,holdout
2024-10-02,JPM,CALM,18.9,1,0.620999,0.6,0.55,1,1,0,0.491298972573841,0,0.532410802906728,0.5,0.4489795918367348,0.491298972573841,holdout
2024-10-02,MSFT,CALM,18.9,1,0.616493,0.4,0.55,1,0,0,0.4888740362269385,0,0.5276526838770397,0.3076923076923077,0.4489795918367348,0.4888740362269385,holdout
2024-10-02,NVDA,CALM,18.9,1,0.515033,0.6,0.6,0,1,1,0.4614918726134829,0,0.42462507997783044,0.5,0.5,0.4614918726134829,holdout
2024-10-02,TSLA,CALM,18.9,0,0.574496,0.65,0.65,0,1,1,0.5181657980600584,1,0.4840687467282566,0.5531914893617021,0.5531914893617021,0.5181657980600584,holdout
2024-10-23,AAPL,CALM,19.24,0,0.619812,0.6,0.55,1,1,0,0.4906590643249042,0,0.5311558229242314,0.5,0.4489795918367348,0.4906590643249042,holdout
2024-10-23,JPM,CALM,19.24,1,0.613255,0.6,0.65,1,1,1,0.5385184804500981,1,0.5242434490562309,0.5,0.5531914893617021,0.5385184804500981,holdout
2024-10-23,MSFT,CALM,19.24,1,0.644406,0.65,0.6,1,1,1,0.5292494584538989,1,0.557389457521,0.5531914893617021,0.5,0.5292494584538989,holdout
2024-10-23,NVDA,CALM,19.24,0,0.57444,0.65,0.65,0,1,1,0.5181367430547725,1,0.48401153471182123,0.5531914893617021,0.5531914893617021,0.5181367430547725,holdout
2024-10-23,TSLA,CALM,19.24,1,0.504651,0.6,0.6,0,1,1,0.4562513323425451,0,0.4145078553727219,0.5,0.5,0.4562513323425451,holdout
2024-11-13,AAPL,CALM,14.02,1,0.60469,0.65,0.55,1,1,0,0.48257454356608115,0,0.5152653257011554,0.5531914893617021,0.4489795918367348,0.48257454356608115,holdout
2024-11-13,JPM,CALM,14.02,0,0.620643,0.65,0.6,1,1,1,0.5162899767808717,1,0.5320342969262672,0.5531914893617021,0.5,0.5162899767808717,holdout
2024-11-13,MSFT,CALM,14.02,0,0.619994,0.6,0.55,1,1,0,0.4907571277190744,0,0.5313481733778695,0.5,0.4489795918367348,0.4907571277190744,holdout
2024-11-13,NVDA,CALM,14.02,0,0.583738,0.65,0.55,0,1,0,0.4715608597504676,0,0.4935433602027982,0.5531914893617021,0.4489795918367348,0.4715608597504676,holdout
2024-11-13,TSLA,CALM,14.02,1,0.625657,0.65,0.65,1,1,1,0.5451536441396511,1,0.5373464221735839,0.5531914893617021,0.5531914893617021,0.5451536441396511,holdout
2024-12-05,AAPL,CALM,13.54,1,0.635063,0.7,0.7,1,1,1,0.5778415634008432,1,0.5473660650224456,0.6086956521739131,0.6086956521739131,0.5778415634008432,holdout
2024-12-05,JPM,CALM,13.54,0,0.593408,0.6,0.55,1,1,0,0.47661888866645885,0,0.5035265881567568,0.5,0.4489795918367348,0.47661888866645885,holdout
2024-12-05,MSFT,CALM,13.54,1,0.63419,0.7,0.7,1,1,1,0.5773749344893688,1,0.5464331092131107,0.6086956521739131,0.6086956521739131,0.5773749344893688,holdout
2024-12-05,NVDA,CALM,13.54,0,0.56687,0.68,0.6,0,1,1,0.48795342384487633,0,0.4762994519670942,0.5862068965517242,0.5,0.48795342384487633,holdout
2024-12-05,TSLA,CALM,13.54,1,0.541684,0.7,0.7,0,1,1,0.5293129091965584,1,0.4509479126040353,0.6086956521739131,0.6086956521739131,0.5293129091965584,holdout
2024-12-18,AAPL,SHOCK,27.62,1,0.613592,0.68,0.6,1,1,1,0.5126262245726424,1,0.5245978842316302,0.5862068965517242,0.5,0.5126262245726424,holdout
2024-12-18,JPM,SHOCK,27.62,1,0.619758,0.6,0.4,1,1,0,0.4179910305395875,0,0.5310987569777301,0.5,0.3076923076923077,0.4179910305395875,holdout
2024-12-18,MSFT,SHOCK,27.62,1,0.618199,0.65,0.4,1,1,0,0.41716629566378294,0,0.5294522411631685,0.5531914893617021,0.3076923076923077,0.41716629566378294,holdout
2024-12-18,NVDA,SHOCK,27.62,1,0.567437,0.25,0.35,0,0,0,0.3666956863824184,0,0.476875601579744,0.18181818181818185,0.26415094339622647,0.3666956863824184,holdout
2024-12-18,TSLA,SHOCK,27.62,1,0.574169,0.7,0.65,0,1,1,0.5176482695896427,1,0.4837347029047062,0.6086956521739131,0.5531914893617021,0.5176482695896427,holdout
2024-12-30,AAPL,CALM,17.4,0,0.593456,0.35,0.65,1,0,1,0.5280569131430114,1,0.5035763223617503,0.26415094339622647,0.5531914893617021,0.5280569131430114,holdout
2024-12-30,JPM,CALM,17.4,0,0.617522,0.55,0.6,1,0,1,0.5146107683963569,1,0.5287378381577512,0.4489795918367348,0.5,0.5146107683963569,holdout
2024-12-30,MSFT,CALM,17.4,0,0.595264,0.35,0.6,1,0,1,0.5027691590250897,1,0.5054509402126298,0.26415094339622647,0.5,0.5027691590250897,holdout
2024-12-30,NVDA,CALM,17.4,0,0.609774,0.6,0.6,1,1,1,0.5104628864610532,1,0.5205875937040569,0.5,0.5,0.5104628864610532,holdout
2024-12-30,TSLA,CALM,17.4,0,0.528055,0.35,0.6,0,0,1,0.4680867645031255,0,0.4374229846604739,0.26415094339622647,0.5,0.4680867645031255,holdout
